timestamp,tx,ty,tz,qx,qy,qz,qw
0.0,8.345340216975742,1.8333463941230175,-35.48412375721969,0.0,0.0,0.0,1.0
0.0,12.63033538826096,1.2065304289126357,-38.241972720067295,0.0,0.0,0.0,1.0
0.0,12.051034268809515,0.9390866734508485,-37.43197117718126,0.0,0.0,0.0,1.0
0.0,11.310696973768032,1.7708834135573746,-41.72172783439972,0.0,0.0,0.0,1.0
0.0,10.884028653330056,1.4498734135237767,-39.801861486214165,0.0,0.0,0.0,1.0
0.0,11.18949314749384,1.1885296638667793,-38.65885991378568,0.0,0.0,0.0,1.0
0.0,12.96128653407844,0.8936191498288448,-38.23784172725244,0.0,0.0,0.0,1.0
0.0,13.743197085813794,0.70748774887771,-37.25648357944608,0.0,0.0,0.0,1.0
0.0,14.546699028668291,0.5828391460227047,-37.04018769593852,0.0,0.0,0.0,1.0
0.0,12.974547191015148,0.7284523473678556,-41.01161822181764,0.0,0.0,0.0,1.0
0.0,11.948170284335395,1.139134959052702,-44.823030379503784,0.0,0.0,0.0,1.0
0.0,11.923522521136443,1.0312799341522079,-43.639701414546394,0.0,0.0,0.0,1.0
0.0,13.95976277366881,0.840858403228999,-42.87996332112787,0.0,0.0,0.0,1.0
0.0,12.609482413427047,0.977999633315216,-46.01224728906438,0.0,0.0,0.0,1.0
0.0,14.395819028967594,0.8008946895451351,-44.37983188280704,0.0,0.0,0.0,1.0
0.0,13.514800237581436,0.9399691175714125,-46.17584360504189,0.0,0.0,0.0,1.0
0.0,14.978174018440065,0.7872098217241316,-44.46218905369356,0.0,0.0,0.0,1.0
0.0,17.203062941364088,0.6992633839072518,-45.436793769932834,0.0,0.0,0.0,1.0
0.0,15.110994196682949,0.6414055426272747,-41.543911538719364,0.0,0.0,0.0,1.0
0.0,13.382971950902036,1.173373876556575,-44.16468754568615,0.0,0.0,0.0,1.0
0.0,14.625460523807389,0.9463609395126295,-42.84413933336862,0.0,0.0,0.0,1.0
0.0,15.823663659269386,0.8000031485809516,-42.796213452497575,0.0,0.0,0.0,1.0
0.0,15.693640129650376,0.6514525085884855,-40.31768632867572,0.0,0.0,0.0,1.0
0.0,14.326623357050149,1.1976445798571071,-44.25667596372218,0.0,0.0,0.0,1.0
0.0,13.262782823556668,0.9607162112708929,-40.60772898728439,0.0,0.0,0.0,1.0
0.0,12.125061709614178,1.4628343357899807,-42.73864681485581,0.0,0.0,0.0,1.0
0.0,11.389506214585476,1.5158122423154958,-46.66218242491297,0.0,0.0,0.0,1.0
0.0,10.913235315510246,1.2979978631428366,-42.954575584969355,0.0,0.0,0.0,1.0
0.0,13.209259136509658,1.0266397304430408,-43.17414546256776,0.0,0.0,0.0,1.0
0.0,12.782732277425488,1.106535117689991,-45.482879175306046,0.0,0.0,0.0,1.0
0.0,14.504264294998709,0.871886651735991,-43.99492098264165,0.0,0.0,0.0,1.0
0.0,15.246013258717973,0.7065733177464182,-42.6707158336217,0.0,0.0,0.0,1.0
0.0,17.270110006866016,0.6457073313538476,-44.12964061149721,0.0,0.0,0.0,1.0
0.0,17.52285422289167,0.6079731264069514,-43.693609950115246,0.0,0.0,0.0,1.0
0.0,17.556500220871417,0.5635657685846921,-42.90321059800704,0.0,0.0,0.0,1.0
0.0,14.849097633053653,1.1865656628059353,-43.272982455913805,0.0,0.0,0.0,1.0
0.0,13.846352201493842,1.2153733687839803,-45.66120905659226,0.0,0.0,0.0,1.0
0.0,15.06211858346541,0.9738579648375116,-44.7007801031625,0.0,0.0,0.0,1.0
0.0,13.255086373099669,1.0053521419681508,-42.65975658241909,0.0,0.0,0.0,1.0
0.0,12.115304338788782,0.9009297014185841,-40.164204589884505,0.0,0.0,0.0,1.0
0.0,13.556336244486126,0.7100700525335722,-39.21447570015889,0.0,0.0,0.0,1.0
0.0,12.299382108078754,0.7741745820114704,-38.49783716087678,0.0,0.0,0.0,1.0
0.0,11.514709731243029,1.12475859471566,-43.03469424193426,0.0,0.0,0.0,1.0
0.0,13.82490866307849,0.9150956402950106,-42.96671516638973,0.0,0.0,0.0,1.0
0.0,12.489361429476299,1.2581564678908594,-46.248121668769386,0.0,0.0,0.0,1.0
0.0,14.445869043346784,0.968532528441205,-44.68022251327652,0.0,0.0,0.0,1.0
0.0,15.201339862750684,0.7991333008783817,-42.775523460137194,0.0,0.0,0.0,1.0
0.0,16.248776716550413,0.6852823675509225,-43.50605721968901,0.0,0.0,0.0,1.0
0.0,14.137198806347687,1.0574746254089924,-46.658891933766924,0.0,0.0,0.0,1.0
0.0,15.562307375051699,0.8512133555856849,-46.011437336743384,0.0,0.0,0.0,1.0
0.0,14.299529328437602,1.4222436777085121,-46.854646682767324,0.0,0.0,0.0,1.0
0.0,12.834869867197291,1.3960587082994143,-47.12783580017352,0.0,0.0,0.0,1.0
0.0,15.03448804738164,1.0675052484487493,-48.06342718374465,0.0,0.0,0.0,1.0
0.0,14.380973564737017,0.8776927955238629,-48.7788003579574,0.0,0.0,0.0,1.0
0.0,12.907761875406848,0.7728092174722488,-45.27385987457524,0.0,0.0,0.0,1.0
0.0,12.641254726146618,0.9434518705923558,-45.71994989008623,0.0,0.0,0.0,1.0
0.0,11.71496154614599,1.2090352145597847,-46.40505709240878,0.0,0.0,0.0,1.0
0.0,14.357995886113901,0.9901545076941742,-47.58059684772645,0.0,0.0,0.0,1.0
0.0,13.595687857246173,1.0994646819401837,-47.580874373578425,0.0,0.0,0.0,1.0
0.0,12.843142507937888,1.4798793592047486,-49.0357880837181,0.0,0.0,0.0,1.0
0.0,14.195150040563917,1.1386906007089055,-45.642537617509674,0.0,0.0,0.0,1.0
0.0,12.722827052193885,1.0150632118255678,-45.283592045093094,0.0,0.0,0.0,1.0
0.0,14.48712887130585,0.8193078727128549,-43.92356957209667,0.0,0.0,0.0,1.0
0.0,15.63396614459902,0.711189157035,-43.130670083653825,0.0,0.0,0.0,1.0
0.0,16.104961764478773,0.6493773153021222,-42.355909336623185,0.0,0.0,0.0,1.0
0.0,13.97248821968258,1.1914914182113026,-45.6935115689729,0.0,0.0,0.0,1.0
0.0,14.940820528353221,0.9592946525346558,-43.52867991562915,0.0,0.0,0.0,1.0
0.0,13.296220644323373,0.7566980254298187,-38.229077806902346,0.0,0.0,0.0,1.0
0.0,14.86186249879689,0.6583947675802805,-39.58263264562303,0.0,0.0,0.0,1.0
0.0,13.758851804113679,0.6784325793571276,-38.31707631233892,0.0,0.0,0.0,1.0
0.0,13.252533405371633,0.8559811151879989,-42.33384658094941,0.0,0.0,0.0,1.0
0.0,12.10564589985134,1.1169083083518934,-43.915950722795266,0.0,0.0,0.0,1.0
0.0,14.124314915317676,0.8611499912122609,-43.176300287521926,0.0,0.0,0.0,1.0
0.0,12.790755594108731,0.7770665817775761,-41.80018602968054,0.0,0.0,0.0,1.0
0.0,11.909859351414232,1.6383541502313752,-44.560569082660365,0.0,0.0,0.0,1.0
0.0,11.344550855605256,2.1910789277741545,-46.33202401220284,0.0,0.0,0.0,1.0
0.0,10.903916757138385,2.15712119075054,-46.63101536958926,0.0,0.0,0.0,1.0
0.0,11.214382834718844,1.6401885533007818,-43.47128477018989,0.0,0.0,0.0,1.0
0.0,13.321061910259312,1.1822879521684282,-41.631300550147316,0.0,0.0,0.0,1.0
0.0,14.737305333185764,0.8893961067761827,-40.82912238202828,0.0,0.0,0.0,1.0
0.0,13.134420378466551,1.2922137369275228,-43.288766177947956,0.0,0.0,0.0,1.0
0.0,14.732264325229014,0.9789521447276599,-42.74861406663342,0.0,0.0,0.0,1.0
0.0,15.268035334127779,0.7570359658815433,-41.07133519285821,0.0,0.0,0.0,1.0
0.0,13.942012214284253,0.7243368483546774,-40.51084085759701,0.0,0.0,0.0,1.0
0.0,12.580151415549015,1.202286029767732,-43.236577582319526,0.0,0.0,0.0,1.0
0.0,13.916714764309468,0.9020960179313048,-41.56842322248698,0.0,0.0,0.0,1.0
0.0,15.234295825769806,0.7285970515561881,-41.644596997094744,0.0,0.0,0.0,1.0
0.0,16.081921906183272,0.6284668546923291,-41.70500393961786,0.0,0.0,0.0,1.0
0.0,13.951222987983147,1.1533323389155374,-45.173415398345746,0.0,0.0,0.0,1.0
0.0,14.489804574659948,0.8688476330926229,-41.86023086568232,0.0,0.0,0.0,1.0
0.0,12.898169388086757,0.8140013747431508,-39.684735444433045,0.0,0.0,0.0,1.0
0.0,11.906430715084717,1.6566866618983065,-43.17044268982187,0.0,0.0,0.0,1.0
0.0,11.296586595587272,1.592404946836183,-44.22389810075087,0.0,0.0,0.0,1.0
0.0,10.8784237672027,2.1470105868937366,-45.93966554200831,0.0,0.0,0.0,1.0
0.0,10.61184025628144,2.132522643311515,-47.83887494212769,0.0,0.0,0.0,1.0
0.0,10.893720182676113,1.560804944885065,-42.49890946395112,0.0,0.0,0.0,1.0
0.0,11.214835368378763,1.2592786191177066,-40.651015427383236,0.0,0.0,0.0,1.0
0.0,10.80677957264499,1.562866101946887,-44.52893543946154,0.0,0.0,0.0,1.0
0.0,10.545478831252028,1.7727027968326623,-46.968251736729876,0.0,0.0,0.0,1.0
0.0,11.224247984489631,1.644453336256079,-48.38757048084186,0.0,0.0,0.0,1.0
0.0,10.916474272283232,1.752440401126594,-49.688369806575324,0.0,0.0,0.0,1.0
0.0,13.312777055145244,1.2812650801620216,-46.727634791265125,0.0,0.0,0.0,1.0
0.0,12.291108700747314,1.4079346744136738,-48.812936528921206,0.0,0.0,0.0,1.0
0.0,11.536351780344825,1.6303921061656255,-50.66054290037465,0.0,0.0,0.0,1.0
0.0,11.798923472593106,1.5048211245970915,-49.58728469873349,0.0,0.0,0.0,1.0
0.0,11.297131300593584,1.7423407971354499,-49.22400505395547,0.0,0.0,0.0,1.0
0.0,10.872253348692581,2.2422165992142125,-49.13261801527589,0.0,0.0,0.0,1.0
0.0,12.455274815971954,1.5672068746130325,-44.358620153763994,0.0,0.0,0.0,1.0
0.0,11.738055343392906,1.2555997438357898,-43.97514909175064,0.0,0.0,0.0,1.0
0.0,11.858475724140346,1.2476408980963785,-46.16127575490385,0.0,0.0,0.0,1.0
0.0,11.271011232246275,1.3605701562994923,-49.005012704389216,0.0,0.0,0.0,1.0
0.0,13.737251013861826,1.0339528622801835,-47.53032229029193,0.0,0.0,0.0,1.0
0.0,15.11705110981724,0.8075605487119922,-45.45909531008924,0.0,0.0,0.0,1.0
0.0,15.627405574419605,0.6535946266365804,-43.50407520624033,0.0,0.0,0.0,1.0
0.0,14.255111354033977,0.6762038099870319,-41.78368886883048,0.0,0.0,0.0,1.0
0.0,12.77332124622206,1.2630187707959908,-43.83709802349339,0.0,0.0,0.0,1.0
0.0,14.055393144629484,0.9416291627050247,-42.012923980743466,0.0,0.0,0.0,1.0
0.0,15.36949984400339,0.796416977420479,-43.43006936905543,0.0,0.0,0.0,1.0
0.0,13.551381580998708,1.641113999677696,-45.55817896263141,0.0,0.0,0.0,1.0
0.0,15.194705228983203,1.2080335552555481,-45.31834282731164,0.0,0.0,0.0,1.0
0.0,14.09897319052396,1.2314633760827418,-47.7461256352468,0.0,0.0,0.0,1.0
0.0,15.358554236871592,0.952304950142041,-45.469906416174084,0.0,0.0,0.0,1.0
0.0,15.520486512977028,0.7397550306543628,-42.536716369701644,0.0,0.0,0.0,1.0
0.0,13.565517999489954,0.607002327700589,-38.119717813817545,0.0,0.0,0.0,1.0
0.0,12.353193554130625,0.5929000382357962,-38.36365809834965,0.0,0.0,0.0,1.0
0.0,12.36538334665977,0.8705957485337621,-42.746818968684025,0.0,0.0,0.0,1.0
0.0,11.55056189495523,1.3019748038367607,-44.511994266418206,0.0,0.0,0.0,1.0
0.0,11.067516218864705,1.9496326976266825,-46.156291532766204,0.0,0.0,0.0,1.0
0.0,11.219307562515754,2.0164450701356893,-48.06923838325978,0.0,0.0,0.0,1.0
0.0,10.815369413255292,1.9993209361327973,-50.083049213803996,0.0,0.0,0.0,1.0
0.0,10.611894165927099,1.94495917551923,-50.56471944334207,0.0,0.0,0.0,1.0
0.0,10.415780826815471,1.9273388757198089,-51.65136184249219,0.0,0.0,0.0,1.0
0.0,10.291109910644515,1.7280150420961717,-49.41842570830756,0.0,0.0,0.0,1.0
0.0,12.843378678956794,1.2128350507614298,-46.47785271974033,0.0,0.0,0.0,1.0
0.0,14.471824604069921,0.8766049297406153,-44.568392638596734,0.0,0.0,0.0,1.0
0.0,12.976114797937075,0.7198046027070021,-42.521922587974366,0.0,0.0,0.0,1.0
0.0,12.29027068881015,0.5925205725131326,-40.84953836155514,0.0,0.0,0.0,1.0
0.0,11.5070898380521,1.0665334305887337,-45.41671792227573,0.0,0.0,0.0,1.0
0.0,13.773004111029637,0.7543540247462779,-44.876545421836184,0.0,0.0,0.0,1.0
0.0,12.446804862166902,1.000505859461368,-47.02523771376521,0.0,0.0,0.0,1.0
0.0,14.156982204280556,0.679800024675898,-44.73223309781893,0.0,0.0,0.0,1.0
0.0,12.742489293244507,1.0248352090237107,-47.07839233822708,0.0,0.0,0.0,1.0
0.0,12.116898517395082,1.3969073418777795,-46.63947090053882,0.0,0.0,0.0,1.0
0.0,11.429180160846117,1.11653014988163,-46.90777541920622,0.0,0.0,0.0,1.0
0.0,10.95051153414275,0.9075179494341893,-47.583441290390894,0.0,0.0,0.0,1.0
0.0,10.66662509906,0.9626094982247597,-48.86819101183275,0.0,0.0,0.0,1.0
0.0,10.756110726614155,1.3056238780811662,-48.799914692805785,0.0,0.0,0.0,1.0
0.0,10.5675157268395,1.3697055352382062,-49.72652066930848,0.0,0.0,0.0,1.0
0.0,10.398022083352913,1.333573434507102,-50.09462924476944,0.0,0.0,0.0,1.0
0.0,10.289956450809024,1.2951064027957908,-51.278470309554656,0.0,0.0,0.0,1.0
0.0,10.330351386647198,1.2647194354373141,-51.49020037237266,0.0,0.0,0.0,1.0
0.0,10.252652552759448,1.1894653791000975,-51.26079254270141,0.0,0.0,0.0,1.0
0.0,10.479781143335314,1.3479135702769294,-49.08468252526318,0.0,0.0,0.0,1.0
0.0,10.348949432483876,1.6971059641999293,-49.61786951632765,0.0,0.0,0.0,1.0
0.0,10.263520288766305,1.8391805845816391,-49.151330909684525,0.0,0.0,0.0,1.0
0.0,10.362406983746913,1.7511255094744438,-48.763525685300216,0.0,0.0,0.0,1.0
0.0,10.285768625277557,1.835831655025505,-49.013091779278085,0.0,0.0,0.0,1.0
0.0,10.438452332124223,1.3506867416263098,-50.08979336496607,0.0,0.0,0.0,1.0
0.0,10.322908833625679,1.015003960930374,-51.20044168865646,0.0,0.0,0.0,1.0
0.0,10.23484449333662,0.812121946197999,-50.94196509280782,0.0,0.0,0.0,1.0
0.0,10.18511553984399,0.6627511409498607,-50.89450997871564,0.0,0.0,0.0,1.0
0.0,10.4888948952096,0.48816723621647756,-51.516678994193995,0.0,0.0,0.0,1.0
0.0,10.388550921672703,0.36042619980069157,-51.24631622838785,0.0,0.0,0.0,1.0
0.0,10.338262382020993,0.25849699632295764,-51.24437785144282,0.0,0.0,0.0,1.0
0.0,10.256486615393047,0.5849086644980817,-50.027425974786404,0.0,0.0,0.0,1.0
0.0,12.789343337480815,0.6259120262738586,-51.160737694645455,0.0,0.0,0.0,1.0
0.0,15.460426510967217,0.6786971680895445,-55.49752313273822,0.0,0.0,0.0,1.0
0.0,17.339451428437126,0.5689913899353701,-56.8089432183331,0.0,0.0,0.0,1.0
0.0,14.998037586467007,0.6164396299954821,-54.079904716155085,0.0,0.0,0.0,1.0
0.0,15.09438717230676,0.4051159365235459,-47.55800414384574,0.0,0.0,0.0,1.0
0.0,13.900004503386606,0.41420508748946405,-48.239457455239666,0.0,0.0,0.0,1.0
0.0,14.821819157648376,0.27573997113480603,-44.358745282271045,0.0,0.0,0.0,1.0
0.0,17.16535458075305,0.9639756745866543,-52.34282626295455,0.0,0.0,0.0,1.0
0.0,19.193516373637507,1.2423530757515804,-58.53977188126711,0.0,0.0,0.0,1.0
0.0,19.882890244431433,1.4882326654457478,-61.182611871605104,0.0,0.0,0.0,1.0
0.0,21.219114418604384,1.6753131755790713,-64.68410608355755,0.0,0.0,0.0,1.0
0.0,21.67228420125791,1.5062364074088528,-66.01612529081515,0.0,0.0,0.0,1.0
0.0,21.786434169123694,1.509954422054865,-66.4147625398115,0.0,0.0,0.0,1.0
0.0,22.185181879428306,1.444590380975476,-67.31519252945611,0.0,0.0,0.0,1.0
0.0,22.33810037932842,1.2996158410964749,-67.73351348568016,0.0,0.0,0.0,1.0
0.0,21.944502485064476,1.2502481344899328,-66.88037927792753,0.0,0.0,0.0,1.0
0.0,22.163562484730225,1.1266520908924758,-67.24358822572147,0.0,0.0,0.0,1.0
0.0,22.86760764894843,1.3654390577133222,-68.66086135766523,0.0,0.0,0.0,1.0
0.0,22.64799452851609,1.063542605483177,-68.14175708998239,0.0,0.0,0.0,1.0
0.0,22.515259670834705,0.842675880455079,-67.7527763938627,0.0,0.0,0.0,1.0
0.0,22.43079609141429,0.7369815042874787,-67.55900043820724,0.0,0.0,0.0,1.0
0.0,22.303082220049962,0.5347013484545524,-67.17296656823888,0.0,0.0,0.0,1.0
0.0,20.345431016552915,0.34815934230638634,-56.658501088661225,0.0,0.0,0.0,1.0
0.0,20.818010251290353,0.32865481425181536,-59.089021608310496,0.0,0.0,0.0,1.0
0.0,21.20423824429236,0.280293167685106,-61.33616442472704,0.0,0.0,0.0,1.0
0.0,21.489763147925625,0.20617892333376175,-63.03463342050884,0.0,0.0,0.0,1.0
0.0,22.457926664781372,0.16337840076704693,-68.41017250648174,0.0,0.0,0.0,1.0
0.0,33.128741478701414,1.5414737700494647,-75.05747486335203,0.0,0.0,0.0,1.0
0.0,38.73475225006292,1.7165874361171192,-80.62818524534454,0.0,0.0,0.0,1.0
0.0,50.025178652854905,12.925777859834678,-91.18077505174593,0.0,0.0,0.0,1.0
0.0,57.61604512916256,11.632997136322745,-99.48065400725261,0.0,0.0,0.0,1.0
0.0,62.967933001031575,19.83558909802574,-104.59695834132603,0.0,0.0,0.0,1.0
0.0,62.11613698667025,12.755786849534774,-102.82868949846504,0.0,0.0,0.0,1.0
0.0,57.779174882989956,8.208346439250706,-96.25219076021948,0.0,0.0,0.0,1.0
0.0,57.37469660658509,7.719765415735042,-95.37686762028295,0.0,0.0,0.0,1.0
0.0,58.51142169414408,4.968232385276619,-99.36206687951413,0.0,0.0,0.0,1.0
0.0,57.616684292139624,3.2141108424243194,-98.57503115050346,0.0,0.0,0.0,1.0
0.0,62.99188271836326,14.415720821332943,-103.93458702512554,0.0,0.0,0.0,1.0
0.0,58.59846586718139,9.275243142644229,-99.18485863100629,0.0,0.0,0.0,1.0
0.0,55.87654936859186,5.976501627792773,-96.30027462944395,0.0,0.0,0.0,1.0
0.0,60.668472893242885,3.864972199523184,-101.75662293524121,0.0,0.0,0.0,1.0
0.0,59.190339509717525,2.506055924132681,-100.0495583435932,0.0,0.0,0.0,1.0
0.0,54.12101514147058,1.6288044621694984,-91.96480403172266,0.0,0.0,0.0,1.0
0.0,54.3639236190369,1.0584004314073958,-94.46195886360017,0.0,0.0,0.0,1.0
0.0,60.501167218880184,13.135626132632904,-100.87434078983094,0.0,0.0,0.0,1.0
0.0,65.93982709786303,21.28577624074927,-107.01480446411804,0.0,0.0,0.0,1.0
0.0,65.93236924191228,25.243622643671557,-105.95343717939431,0.0,0.0,0.0,1.0
0.0,63.68541516966571,16.22592178573241,-103.11916441832432,0.0,0.0,0.0,1.0
0.0,65.22676812024608,22.342597607317252,-104.56722429370782,0.0,0.0,0.0,1.0
0.0,66.0923083338564,14.353207467039482,-107.64457646075627,0.0,0.0,0.0,1.0
0.0,66.70782051318822,9.24109139490717,-109.61944391995597,0.0,0.0,0.0,1.0
0.0,64.87815666215026,5.957142551999274,-106.44928299117414,0.0,0.0,0.0,1.0
0.0,65.8586764178265,15.673147040877376,-106.49384370662307,0.0,0.0,0.0,1.0
0.0,68.03964582110437,10.088726430544845,-109.65560718083479,0.0,0.0,0.0,1.0
0.0,71.08995372972981,19.559209437784915,-113.0386307105129,0.0,0.0,0.0,1.0
0.0,68.37495523611125,12.579429825726255,-109.60623582234646,0.0,0.0,0.0,1.0
0.0,69.92605114860045,20.636749794520988,-111.01377912262573,0.0,0.0,0.0,1.0
0.0,68.16404737913767,13.271520756349464,-109.10001286141178,0.0,0.0,0.0,1.0
0.0,71.56360449339903,21.682502654666365,-113.23250572398436,0.0,0.0,0.0,1.0
0.0,73.53634661988653,26.93696264228681,-115.59702878463283,0.0,0.0,0.0,1.0
0.0,71.20752077970434,17.315362319078687,-113.02361573604512,0.0,0.0,0.0,1.0
0.0,69.49424511861456,11.140545257627084,-111.06450305472332,0.0,0.0,0.0,1.0
0.0,69.29131494422595,7.178837056516498,-111.06803288540934,0.0,0.0,0.0,1.0
0.0,72.55645803323,17.855863137405407,-114.90149224195338,0.0,0.0,0.0,1.0
0.0,71.43114225532112,11.473694218170095,-113.77602886676193,0.0,0.0,0.0,1.0
0.0,70.82663260624858,7.3929373891190115,-113.21922112428992,0.0,0.0,0.0,1.0
0.0,73.69757305840193,18.262073876323047,-116.49880712032254,0.0,0.0,0.0,1.0
0.0,71.44479535978374,23.6215621727452,-112.88255876241114,0.0,0.0,0.0,1.0
0.0,72.71744995326712,28.799174893525688,-115.24057894735789,0.0,0.0,0.0,1.0
0.0,74.3404657271779,32.457403226774716,-117.93440440359393,0.0,0.0,0.0,1.0
0.0,74.53294497193733,34.41983296878561,-118.35148616189957,0.0,0.0,0.0,1.0
0.0,76.72703119321339,35.785026138347774,-120.80280040492246,0.0,0.0,0.0,1.0
0.0,74.47559068766046,35.43263299605923,-117.15139402694274,0.0,0.0,0.0,1.0
0.0,72.29293435693941,34.87006342731573,-113.78430425849312,0.0,0.0,0.0,1.0
0.0,70.93926100791323,34.54310220538701,-111.686323047776,0.0,0.0,0.0,1.0
0.0,73.25407802283347,36.37321278652172,-116.01452724400698,0.0,0.0,0.0,1.0
0.0,74.86764976540479,37.67172999300443,-119.07617275906773,0.0,0.0,0.0,1.0
0.0,72.70698121010332,36.38735846547355,-115.29817759920145,0.0,0.0,0.0,1.0
0.0,72.61465505721405,36.47779316600035,-115.17883269360415,0.0,0.0,0.0,1.0
0.0,73.15443724905748,36.86218725983863,-116.05280871984121,0.0,0.0,0.0,1.0
0.0,73.1705313389842,36.868058583340805,-115.97976735935188,0.0,0.0,0.0,1.0
0.0,73.2344306525072,36.91033574978668,-116.00549248557053,0.0,0.0,0.0,1.0
0.0,72.92328658117898,36.74464731539567,-115.44081018746171,0.0,0.0,0.0,1.0
0.0,72.65534006676864,36.60768907529019,-114.95850429331637,0.0,0.0,0.0,1.0
0.0,75.89184171835205,37.84267573286915,-119.38283129485802,0.0,0.0,0.0,1.0
0.0,79.5670141848363,39.171965639507675,-124.4916826722368,0.0,0.0,0.0,1.0
0.0,76.91140048819867,38.11985370360234,-120.64759666620861,0.0,0.0,0.0,1.0
0.0,80.2745068126804,39.349842504128276,-125.30333627566516,0.0,0.0,0.0,1.0
0.0,81.58290268678313,39.57598576741375,-126.89505163062067,0.0,0.0,0.0,1.0
0.0,80.77402023981954,39.23574655394657,-125.49410936714358,0.0,0.0,0.0,1.0
0.0,82.06316940136604,39.60480817234944,-127.26437886680921,0.0,0.0,0.0,1.0
0.0,78.24773982585154,38.18965902199619,-121.8207161269086,0.0,0.0,0.0,1.0
0.0,76.70794011641216,37.63552397641845,-119.60887056981053,0.0,0.0,0.0,1.0
0.0,76.07039604231947,41.50901637236689,-127.53067680509916,0.0,0.0,0.0,1.0
0.0,74.5703031562844,39.58558827160836,-122.27935521370831,0.0,0.0,0.0,1.0
0.0,73.78718366247583,38.456496263516925,-119.14399199966182,0.0,0.0,0.0,1.0
0.0,72.58173206397267,37.28650973662846,-116.08703062943188,0.0,0.0,0.0,1.0
0.0,72.73071264297114,37.08019383322581,-115.4789516218344,0.0,0.0,0.0,1.0
0.0,73.01124656136611,36.98343294472017,-115.29484305426068,0.0,0.0,0.0,1.0
0.0,72.54050341175513,36.651551303173456,-114.31077838250394,0.0,0.0,0.0,1.0
0.0,72.45432251787015,36.535803665804025,-113.98277008963525,0.0,0.0,0.0,1.0
0.0,72.26469219890197,36.424020372043955,-113.58508862987941,0.0,0.0,0.0,1.0
0.0,72.22505290828552,36.4123575778218,-113.4468629914613,0.0,0.0,0.0,1.0
0.0,72.19961469358185,36.404873067911204,-113.35815773430484,0.0,0.0,0.0,1.0
0.0,72.76269954931813,36.69969333209583,-114.11409444615734,0.0,0.0,0.0,1.0
0.0,78.25815913512446,38.829513856864274,-121.81838322660462,0.0,0.0,0.0,1.0
0.0,81.90363962619811,40.2584773988524,-126.93154406393988,0.0,0.0,0.0,1.0
0.0,78.7663417618378,39.0864694629453,-122.51004845839955,0.0,0.0,0.0,1.0
0.0,77.50800573095259,38.73917057922342,-120.75756094329331,0.0,0.0,0.0,1.0
0.0,79.82473733047564,39.700564838292976,-123.97783472029734,0.0,0.0,0.0,1.0
0.0,78.88743190939347,39.387597734635904,-122.65668960383553,0.0,0.0,0.0,1.0
0.0,77.99533843921279,39.095977007771815,-121.38074610136579,0.0,0.0,0.0,1.0
0.0,76.0962826272716,41.925661776939606,-126.87955978932932,0.0,0.0,0.0,1.0
0.0,75.02271685268938,43.75973292299623,-130.408381850334,0.0,0.0,0.0,1.0
0.0,75.75713329927629,42.04371553656877,-126.69525828767219,0.0,0.0,0.0,1.0
0.0,75.11624996502371,40.380901997538885,-122.7955138865662,0.0,0.0,0.0,1.0
0.0,75.54942813853012,39.855220520853315,-121.52831546722649,0.0,0.0,0.0,1.0
0.0,51.34181239770524,33.810744348713484,-108.7390982734787,0.0,0.0,0.0,1.0
0.0,59.69102375806028,35.31724059638531,-111.6407955735932,0.0,0.0,0.0,1.0
0.0,64.89230767136571,36.17336512186439,-113.2575755035646,0.0,0.0,0.0,1.0
0.0,45.7421672757291,33.83253259716072,-110.38118353171906,0.0,0.0,0.0,1.0
0.0,62.46932844748589,37.915805500069396,-121.70941837698139,0.0,0.0,0.0,1.0
0.0,67.03265083463343,38.112112019754335,-120.24178684078466,0.0,0.0,0.0,1.0
0.0,70.54485149274169,38.595877061444774,-120.15056023812863,0.0,0.0,0.0,1.0
0.0,49.296765757583145,35.349380623345326,-114.6458904910126,0.0,0.0,0.0,1.0
0.0,35.71418458760114,33.39001056944955,-111.47870022058675,0.0,0.0,0.0,1.0
0.0,26.920545549217998,32.0443115636897,-109.18292006706814,0.0,0.0,0.0,1.0
0.0,44.43960689423375,38.18164671869069,-117.75364963257037,0.0,0.0,0.0,1.0
0.0,32.505100652321694,35.14925728932311,-113.26650507099525,0.0,0.0,0.0,1.0
0.0,54.55381986222522,39.25066138542881,-124.34810251322996,0.0,0.0,0.0,1.0
0.0,62.17305151465825,42.82392877470645,-127.48579067461316,0.0,0.0,0.0,1.0
0.0,44.05228169147631,39.6531052137263,-126.31157509712418,0.0,0.0,0.0,1.0
0.0,31.289497555554494,34.31359715340054,-113.34485930554484,0.0,0.0,0.0,1.0
0.0,53.992905622540434,38.688340849950656,-124.70494216580659,0.0,0.0,0.0,1.0
0.0,37.63308329049481,33.641888032115716,-112.12236095623182,0.0,0.0,0.0,1.0
0.0,52.603226827175874,36.41306220813652,-116.4493018728036,0.0,0.0,0.0,1.0
0.0,59.392029663124795,40.05620989213049,-122.51273552356366,0.0,0.0,0.0,1.0
0.0,44.19850500492771,40.51290378619223,-128.10090604840096,0.0,0.0,0.0,1.0
0.0,56.264895290625375,40.43698951070371,-125.73986770634727,0.0,0.0,0.0,1.0
0.0,38.99598044948198,34.69788730578218,-112.52406318141539,0.0,0.0,0.0,1.0
0.0,50.80257914001081,39.04978709572623,-120.11129404089573,0.0,0.0,0.0,1.0
0.0,37.339764367931984,37.48327925395741,-119.64791189784316,0.0,0.0,0.0,1.0
0.0,26.92263943263714,33.049542325815956,-109.33852423125433,0.0,0.0,0.0,1.0
0.0,20.8922290454988,31.432377427025198,-106.24864255074584,0.0,0.0,0.0,1.0
0.0,17.006210252913483,30.374699180078693,-104.17206617431182,0.0,0.0,0.0,1.0
0.0,14.574217070980142,29.796176042757956,-103.12190281970763,0.0,0.0,0.0,1.0
0.0,12.925016259788391,29.32467932694434,-102.16550461976064,0.0,0.0,0.0,1.0
0.0,11.727694956613956,28.861881078966114,-101.0794248457911,0.0,0.0,0.0,1.0
0.0,10.8989146526963,30.130260140094936,-108.12794867222757,0.0,0.0,0.0,1.0
0.0,10.385886520857245,29.359754861139905,-104.81502938635066,0.0,0.0,0.0,1.0
0.0,35.397810747536994,33.80861720731403,-112.01672708501448,0.0,0.0,0.0,1.0
0.0,26.39427695898883,32.19531879327462,-108.46268083808141,0.0,0.0,0.0,1.0
0.0,42.131444918301945,37.03145890321409,-116.13138155571251,0.0,0.0,0.0,1.0
0.0,53.45301869923118,40.870799337966325,-123.14388813107442,0.0,0.0,0.0,1.0
0.0,37.20957489683708,36.68326710257594,-118.06925931122383,0.0,0.0,0.0,1.0
0.0,53.127081608675574,38.918998946175414,-121.24654071501995,0.0,0.0,0.0,1.0
0.0,37.08153477118364,34.244353733239336,-110.80130819034326,0.0,0.0,0.0,1.0
0.0,26.69042227901611,32.33894926106932,-109.59257902769792,0.0,0.0,0.0,1.0
0.0,42.6348675438164,37.339035226214776,-117.41911463840471,0.0,0.0,0.0,1.0
0.0,52.55393715615564,40.22023265740417,-121.65779793591253,0.0,0.0,0.0,1.0
0.0,36.791884077091375,35.904562796087575,-114.4582031464122,0.0,0.0,0.0,1.0
0.0,49.15072700095837,39.60150367589282,-120.39448092036199,0.0,0.0,0.0,1.0
0.0,34.63404475093066,35.02285304783066,-111.19814887647935,0.0,0.0,0.0,1.0
0.0,25.409773466845916,32.930215608677564,-108.89690660487372,0.0,0.0,0.0,1.0
0.0,19.261125129772143,30.539309302274404,-103.19235606515318,0.0,0.0,0.0,1.0
0.0,40.12734739258701,37.391056170417784,-116.60597694678015,0.0,0.0,0.0,1.0
0.0,28.83127086327218,33.69031259976442,-108.9812840765425,0.0,0.0,0.0,1.0
0.0,21.53245938189628,31.271814985672233,-103.95689860358699,0.0,0.0,0.0,1.0
0.0,17.82136628954404,31.5964271631296,-106.08804593561598,0.0,0.0,0.0,1.0
0.0,38.230345500387216,37.49094764382403,-116.69865351986209,0.0,0.0,0.0,1.0
0.0,28.715228978181457,37.69075965945749,-123.03215845003837,0.0,0.0,0.0,1.0
0.0,45.25571358983807,41.407843104134116,-127.71659788353182,0.0,0.0,0.0,1.0
0.0,32.93875997493809,38.079847220830324,-121.28777871639613,0.0,0.0,0.0,1.0
0.0,24.988206989373822,35.885968245829275,-116.98812853365855,0.0,0.0,0.0,1.0
0.0,21.04344196074606,36.66418915917153,-120.21852654061932,0.0,0.0,0.0,1.0
0.0,18.478480137138792,37.16360653956915,-122.29161000910294,0.0,0.0,0.0,1.0
0.0,25.26695984876919,37.54422316760118,-118.11085324503004,0.0,0.0,0.0,1.0
0.0,20.796379281004313,35.91102367732314,-113.91707716056615,0.0,0.0,0.0,1.0
0.0,16.534644573895644,33.17681278547318,-108.17490909604842,0.0,0.0,0.0,1.0
0.0,13.772267575819006,31.39023621790478,-104.40185680621006,0.0,0.0,0.0,1.0
0.0,12.458847084132056,31.40536344131965,-105.48577954254944,0.0,0.0,0.0,1.0
0.0,11.069643942545351,29.235432545855268,-98.26758253781276,0.0,0.0,0.0,1.0
0.0,10.186146224086642,28.829126159940877,-97.95628120756136,0.0,0.0,0.0,1.0
0.0,9.982393400774233,28.29021411486651,-95.33348783777463,0.0,0.0,0.0,1.0
0.0,9.82562738512465,27.91560922957725,-93.5748261268924,0.0,0.0,0.0,1.0
0.0,9.74667883044901,28.629448656722627,-96.48671456422396,0.0,0.0,0.0,1.0
0.0,9.692908933357943,29.23697493046308,-99.0505756865152,0.0,0.0,0.0,1.0
0.0,9.611511736242734,29.293751239033988,-99.33110623262678,0.0,0.0,0.0,1.0
0.0,9.477623959921518,28.460195232675535,-95.8299925589035,0.0,0.0,0.0,1.0
0.0,31.00659093586988,34.28574537815234,-106.7238936108996,0.0,0.0,0.0,1.0
0.0,39.567773276371156,35.39283744533783,-106.54566525949906,0.0,0.0,0.0,1.0
0.0,46.61496547723085,36.616574531552736,-107.66259822177267,0.0,0.0,0.0,1.0
0.0,33.14514487704506,34.22315040086564,-105.81556403107236,0.0,0.0,0.0,1.0
0.0,24.282746077870076,34.01084869798644,-110.93634074727012,0.0,0.0,0.0,1.0
0.0,29.606521294813458,31.902761743247364,-99.87648313953645,0.0,0.0,0.0,1.0
0.0,36.18857165149235,32.41386644663151,-97.99548028040444,0.0,0.0,0.0,1.0
0.0,27.222496108696973,31.89723424123625,-98.63830897697069,0.0,0.0,0.0,1.0
0.0,20.99300423148226,32.97268026862068,-106.44128709421723,0.0,0.0,0.0,1.0
0.0,27.769731714175713,31.397976899090207,-97.42071186859278,0.0,0.0,0.0,1.0
0.0,36.92645219486577,32.82679168983007,-98.26722346620735,0.0,0.0,0.0,1.0
0.0,37.804585285075625,31.183335070648134,-91.83093872931242,0.0,0.0,0.0,1.0
0.0,27.27296609061966,31.33826471056214,-98.31597951551608,0.0,0.0,0.0,1.0
0.0,34.40189704057312,31.863661760854857,-96.1820992740365,0.0,0.0,0.0,1.0
0.0,41.74658642527176,33.3945456871892,-98.2115676130208,0.0,0.0,0.0,1.0
0.0,29.776495214267015,30.844780442187844,-94.21429148241496,0.0,0.0,0.0,1.0
0.0,45.903524664155015,36.70067902153679,-108.01020586346674,0.0,0.0,0.0,1.0
0.0,42.424505196861595,32.9769831283325,-96.10043778178813,0.0,0.0,0.0,1.0
0.0,40.75518824026458,30.906488173097927,-89.33539722962892,0.0,0.0,0.0,1.0
0.0,29.134288894808382,30.522828838156695,-93.65482696698791,0.0,0.0,0.0,1.0
0.0,32.375754690155816,29.397550408342443,-87.92406338548636,0.0,0.0,0.0,1.0
0.0,35.77196526308036,29.17141640281428,-85.3643364819111,0.0,0.0,0.0,1.0
0.0,36.79966088238798,28.62940472293178,-82.88480170948336,0.0,0.0,0.0,1.0
0.0,26.583178668408554,29.19612737284498,-89.85724833624234,0.0,0.0,0.0,1.0
0.0,20.333647102185154,29.41617463631101,-92.74478122774804,0.0,0.0,0.0,1.0
0.0,26.969575986074215,28.811222619255314,-87.66176716893375,0.0,0.0,0.0,1.0
0.0,31.042257815597104,28.323496691924344,-84.11787488373714,0.0,0.0,0.0,1.0
0.0,38.76722621962843,30.587703093373968,-88.8343718396987,0.0,0.0,0.0,1.0
0.0,43.67029851126913,31.996465351496376,-91.73681871492042,0.0,0.0,0.0,1.0
0.0,31.31428258699265,31.052601113830136,-93.02847637307539,0.0,0.0,0.0,1.0
0.0,33.512278341992584,29.546346005278007,-86.93697558476295,0.0,0.0,0.0,1.0
0.0,35.42991051287879,28.948490678614984,-84.05722180679932,0.0,0.0,0.0,1.0
0.0,27.96480271246627,33.549142751579915,-100.83810155105043,0.0,0.0,0.0,1.0
0.0,20.945368788553424,31.463153910686007,-97.10310631143363,0.0,0.0,0.0,1.0
0.0,26.799980761560743,29.753025236186783,-89.36266151602119,0.0,0.0,0.0,1.0
0.0,30.54360447867656,28.642298851001467,-84.35776898568484,0.0,0.0,0.0,1.0
0.0,34.092430987309456,28.61171049186937,-83.07569404588818,0.0,0.0,0.0,1.0
0.0,41.22698426089782,30.910798133379128,-88.48031110177851,0.0,0.0,0.0,1.0
0.0,39.97451037486773,29.574403441500323,-84.32647124983617,0.0,0.0,0.0,1.0
0.0,29.038064702174076,31.402457267336768,-95.09685305139281,0.0,0.0,0.0,1.0
0.0,37.56016364633939,32.43550611086035,-95.44873960412171,0.0,0.0,0.0,1.0
0.0,37.49531762778822,30.36052295168983,-88.22604674784309,0.0,0.0,0.0,1.0
0.0,37.34406828662197,29.068752818164278,-83.70350073493621,0.0,0.0,0.0,1.0
0.0,39.592770794168686,29.165325685164817,-83.0482003751912,0.0,0.0,0.0,1.0
0.0,38.70948531319957,28.222404343648765,-80.1564632727016,0.0,0.0,0.0,1.0
0.0,38.258093713581495,27.75026395121383,-78.67645861224439,0.0,0.0,0.0,1.0
0.0,27.602168611687112,29.212583653814242,-87.92584780404057,0.0,0.0,0.0,1.0
0.0,31.195845184732644,28.342102982726352,-83.51085033510553,0.0,0.0,0.0,1.0
0.0,32.96022738762466,27.440543047703205,-79.69587830755914,0.0,0.0,0.0,1.0
0.0,36.65778140464632,28.0060031673292,-80.12703967606008,0.0,0.0,0.0,1.0
0.0,39.51976609256746,28.617587369521463,-81.11240511248545,0.0,0.0,0.0,1.0
0.0,38.52088471862992,27.761168231444092,-78.54865584004524,0.0,0.0,0.0,1.0
0.0,37.731633066576364,27.089834093101828,-76.54647003007442,0.0,0.0,0.0,1.0
0.0,27.845676901941886,33.12524306442746,-101.55924005208377,0.0,0.0,0.0,1.0
0.0,31.71531624258678,31.101324968140773,-92.9173762932714,0.0,0.0,0.0,1.0
0.0,41.399405257238186,33.393609451296435,-96.92808495581458,0.0,0.0,0.0,1.0
0.0,47.069077359921664,34.5334084084167,-98.61968752335514,0.0,0.0,0.0,1.0
0.0,43.606091652468194,31.667781105731546,-90.03863565552011,0.0,0.0,0.0,1.0
0.0,49.7676473191828,34.50103958354768,-97.3086114122875,0.0,0.0,0.0,1.0
0.0,44.978925271614976,31.406820673441977,-88.4806830336208,0.0,0.0,0.0,1.0
0.0,41.937747742356336,29.466535359864285,-82.95661753789528,0.0,0.0,0.0,1.0
0.0,40.01825466857565,28.233906845321012,-79.4468263702238,0.0,0.0,0.0,1.0
0.0,45.10461103282427,30.95515465679437,-86.73261850087597,0.0,0.0,0.0,1.0
0.0,32.106021437493595,32.16983781668572,-95.25764669588351,0.0,0.0,0.0,1.0
0.0,23.733501663647502,32.92226257578407,-100.6178114148098,0.0,0.0,0.0,1.0
0.0,36.57452774723626,35.02502480605526,-103.23430711110703,0.0,0.0,0.0,1.0
0.0,45.84186416575622,36.550397905207355,-105.14241864286625,0.0,0.0,0.0,1.0
0.0,44.824152427624895,33.71222316876981,-95.90552310539445,0.0,0.0,0.0,1.0
0.0,42.73267062550938,31.114679182933294,-87.82622347800266,0.0,0.0,0.0,1.0
0.0,42.494023370188074,29.943094618850978,-83.9862334954657,0.0,0.0,0.0,1.0
0.0,41.22759476302996,28.705602644195743,-80.17710959384095,0.0,0.0,0.0,1.0
0.0,46.56010540011769,32.953879993082616,-91.882880398857,0.0,0.0,0.0,1.0
0.0,53.21635452137912,36.37606081988204,-101.35279866121829,0.0,0.0,0.0,1.0
0.0,51.388410837396535,35.11908063358403,-97.85204167873881,0.0,0.0,0.0,1.0
0.0,51.75166522989568,34.97008627717794,-97.27782216573493,0.0,0.0,0.0,1.0
0.0,49.60407760183344,34.59607795175214,-96.48706984095986,0.0,0.0,0.0,1.0
0.0,49.323420731983944,33.91413247362266,-94.38737810002746,0.0,0.0,0.0,1.0
0.0,51.343830063690795,36.08011193280555,-100.27770659467458,0.0,0.0,0.0,1.0
0.0,51.68412499884686,35.20398379126185,-97.6529521748262,0.0,0.0,0.0,1.0
0.0,46.95633844092422,31.95636126580555,-88.49446993205123,0.0,0.0,0.0,1.0
0.0,52.3734174658793,34.4864881924217,-95.1469419498574,0.0,0.0,0.0,1.0
0.0,47.487386818661214,31.542930467239,-86.98943879287796,0.0,0.0,0.0,1.0
0.0,43.08907128302157,29.33043228337554,-81.14740173701425,0.0,0.0,0.0,1.0
0.0,42.502301799647896,28.75138907408309,-79.38879925240452,0.0,0.0,0.0,1.0
0.0,46.50302561861797,32.39894661541984,-89.47349637195225,0.0,0.0,0.0,1.0
0.0,43.6023266758645,30.12305877007128,-83.07520793065626,0.0,0.0,0.0,1.0
0.0,40.69705971942039,28.473669474132812,-78.73466362443722,0.0,0.0,0.0,1.0
0.0,39.80424859903524,27.564568389928827,-76.04912175208389,0.0,0.0,0.0,1.0
0.0,39.2900751233516,27.02733301416941,-74.4264540535615,0.0,0.0,0.0,1.0
0.0,40.60095765220817,27.938192492396574,-76.8452129155593,0.0,0.0,0.0,1.0
0.0,41.76258228243139,29.683817590038206,-82.00038870121483,0.0,0.0,0.0,1.0
0.0,40.520201873101435,28.381762269042145,-78.17837414279514,0.0,0.0,0.0,1.0
0.0,50.51456733792762,33.86808759975642,-93.10245454112302,0.0,0.0,0.0,1.0
0.0,47.37675808884015,31.76171581390143,-87.1776260558145,0.0,0.0,0.0,1.0
0.0,46.50198796795133,31.030585634124886,-85.05840321339498,0.0,0.0,0.0,1.0
0.0,45.03388778337508,30.06534444821166,-82.32808915505446,0.0,0.0,0.0,1.0
0.0,53.210843911257285,34.849894983557746,-95.38698118533416,0.0,0.0,0.0,1.0
0.0,47.61300993846265,31.572650383148957,-86.33927385042688,0.0,0.0,0.0,1.0
0.0,49.677527200048196,32.90500018459511,-90.01216250772198,0.0,0.0,0.0,1.0
0.0,45.24533847512551,30.274744683347873,-82.72895175757704,0.0,0.0,0.0,1.0
0.0,32.52184321603464,36.34034924289142,-103.96728550282305,0.0,0.0,0.0,1.0
0.0,38.16379892563823,36.13689475245272,-101.76075206179524,0.0,0.0,0.0,1.0
0.0,44.448921581532225,36.30992661494608,-101.12041020762554,0.0,0.0,0.0,1.0
0.0,43.13855568001375,33.14832336494908,-91.6802579014732,0.0,0.0,0.0,1.0
0.0,51.74209213352378,36.75148244149791,-100.83787682435884,0.0,0.0,0.0,1.0
0.0,50.13117222043068,35.48725843764712,-97.12357954261947,0.0,0.0,0.0,1.0
0.0,47.482317905657794,33.00160387370181,-90.11041038366885,0.0,0.0,0.0,1.0
0.0,43.66437718120118,30.24583964457745,-82.44480544067126,0.0,0.0,0.0,1.0
0.0,52.1106472611809,34.87327890455032,-94.91109511535582,0.0,0.0,0.0,1.0
0.0,48.15927565811946,32.274223398797105,-87.73108099200566,0.0,0.0,0.0,1.0
0.0,48.90100990024845,32.75297385840473,-89.04127606694104,0.0,0.0,0.0,1.0
0.0,46.05448809504165,30.88812582132492,-83.85506114116893,0.0,0.0,0.0,1.0
0.0,51.08518318744834,33.84671438602249,-91.86976512757579,0.0,0.0,0.0,1.0
0.0,50.479541923906936,33.599836126100534,-91.20730565177882,0.0,0.0,0.0,1.0
0.0,45.68647234705405,31.07917427782128,-84.56521624562137,0.0,0.0,0.0,1.0
0.0,48.22211671980161,32.50278590319311,-88.32885121974135,0.0,0.0,0.0,1.0
0.0,54.758438780134306,36.185495747586025,-98.15041685033637,0.0,0.0,0.0,1.0
0.0,56.86313744886132,37.36538290248603,-101.27075600043817,0.0,0.0,0.0,1.0
0.0,53.28808800540983,35.35931873058128,-95.80919058624708,0.0,0.0,0.0,1.0
0.0,52.12449670071198,36.015084482260576,-97.56654320822523,0.0,0.0,0.0,1.0
0.0,54.715950568586045,36.59863259885662,-98.8262224198602,0.0,0.0,0.0,1.0
0.0,49.38403026703516,33.14498896700467,-89.41983613606871,0.0,0.0,0.0,1.0
0.0,50.4349983028475,33.753509942015484,-91.08850621814454,0.0,0.0,0.0,1.0
0.0,44.84178427756111,30.666857894985824,-82.97946995561708,0.0,0.0,0.0,1.0
0.0,52.27547513088098,34.849152446378234,-94.10541881834274,0.0,0.0,0.0,1.0
0.0,49.264878456215925,34.22270389874893,-92.74921188721213,0.0,0.0,0.0,1.0
0.0,48.67766605329049,33.538712059036264,-90.63776706075704,0.0,0.0,0.0,1.0
0.0,43.7562757438273,30.627450779707996,-82.90836333950782,0.0,0.0,0.0,1.0
0.0,40.435209126492346,28.671689974113185,-77.69800698353868,0.0,0.0,0.0,1.0
0.0,39.81592273151937,27.751202359281194,-74.92283076635646,0.0,0.0,0.0,1.0
0.0,40.697988677953596,28.310364700232086,-76.26540380222802,0.0,0.0,0.0,1.0
0.0,43.804521472256695,30.067819136847728,-80.92842363952894,0.0,0.0,0.0,1.0
0.0,40.40063182586804,28.263014455325827,-76.24392982016022,0.0,0.0,0.0,1.0
0.0,47.787367024183894,34.93217590769963,-94.071245429264,0.0,0.0,0.0,1.0
0.0,44.86305261766171,32.04016435016189,-86.09357223377577,0.0,0.0,0.0,1.0
0.0,43.848252026947584,35.84493191379508,-97.27146369213456,0.0,0.0,0.0,1.0
0.0,53.412510558684744,39.416520909006344,-106.51867765759894,0.0,0.0,0.0,1.0
0.0,48.26839833454355,34.80615730056837,-93.7450381391511,0.0,0.0,0.0,1.0
0.0,47.34301932214932,33.506579302051655,-90.0797882288602,0.0,0.0,0.0,1.0
0.0,43.518372881669315,30.5550569903329,-81.93600945161819,0.0,0.0,0.0,1.0
0.0,45.00596546543854,31.18713582665053,-83.54999620057433,0.0,0.0,0.0,1.0
0.0,46.94975395963719,33.41711345610869,-89.44739327163397,0.0,0.0,0.0,1.0
0.0,48.346259412949635,35.016890305088374,-93.70096802339755,0.0,0.0,0.0,1.0
0.0,45.08074862148818,32.091329444156145,-85.72071839627483,0.0,0.0,0.0,1.0
0.0,42.935745647231954,30.160488576616565,-80.43239994056815,0.0,0.0,0.0,1.0
0.0,41.38349611898625,28.79016333604793,-76.67760674855471,0.0,0.0,0.0,1.0
0.0,58.593082979543425,39.167203124846964,-104.79593150472766,0.0,0.0,0.0,1.0
0.0,49.9605587107005,34.12516543961878,-91.37998300512459,0.0,0.0,0.0,1.0
0.0,45.42003258417017,30.91404669789211,-82.50427144779403,0.0,0.0,0.0,1.0
0.0,43.892412159317054,30.115904300744816,-80.29792772089978,0.0,0.0,0.0,1.0
0.0,61.386601896838364,40.13940218673804,-106.48845636867188,0.0,0.0,0.0,1.0
0.0,63.988764766122976,41.75614138848489,-110.89171396288022,0.0,0.0,0.0,1.0
0.0,55.849276127126785,37.134517468211506,-98.51535407633558,0.0,0.0,0.0,1.0
0.0,48.35322789176748,32.95412180556788,-87.62265268944171,0.0,0.0,0.0,1.0
0.0,63.361988549377585,41.39987267645414,-109.65559914108717,0.0,0.0,0.0,1.0
0.0,55.32883713333404,36.813662370178236,-97.5313184891146,0.0,0.0,0.0,1.0
0.0,47.77094968399426,32.525037112318124,-86.33543938659527,0.0,0.0,0.0,1.0
0.0,42.86018492400595,29.31845123886994,-77.63078542157974,0.0,0.0,0.0,1.0
0.0,42.1680258889642,37.22867645372854,-99.58594809968416,0.0,0.0,0.0,1.0
0.0,41.666395788947,34.10998852369051,-90.91848576562789,0.0,0.0,0.0,1.0
0.0,49.419501313531924,36.075390721659055,-95.45964364868192,0.0,0.0,0.0,1.0
0.0,49.10704907175458,36.16196873109507,-95.70101498661121,0.0,0.0,0.0,1.0
0.0,42.71554710528105,36.252244515268444,-96.60326608199183,0.0,0.0,0.0,1.0
0.0,41.97217599744432,33.46094439374423,-88.89243176635458,0.0,0.0,0.0,1.0
0.0,40.511729302038674,32.114981800189796,-85.39584279637553,0.0,0.0,0.0,1.0
0.0,42.62010651828959,31.979001926229515,-84.72175531683125,0.0,0.0,0.0,1.0
0.0,41.84082116011468,30.682403802635747,-81.11974286231987,0.0,0.0,0.0,1.0
0.0,52.83250429038103,38.19570318399295,-100.6382994137606,0.0,0.0,0.0,1.0
0.0,52.585307475448936,47.43732142863969,-122.32537683758127,0.0,0.0,0.0,1.0
0.0,54.72038504757303,46.92913402841145,-121.92948085004764,0.0,0.0,0.0,1.0
0.0,55.44885701590272,53.41903652555327,-137.21365126926838,0.0,0.0,0.0,1.0
0.0,53.97762945179239,56.77184396506824,-144.78124980879244,0.0,0.0,0.0,1.0
0.0,49.12421622908438,46.63025210384163,-119.5526655592423,0.0,0.0,0.0,1.0
0.0,45.994020607384996,40.11246981201323,-103.32474343815048,0.0,0.0,0.0,1.0
0.0,45.11455446962556,42.81196503711663,-111.98601484880649,0.0,0.0,0.0,1.0
0.0,46.744539522219995,40.959046869848045,-107.11200446203031,0.0,0.0,0.0,1.0
0.0,34.15853127165816,49.07090707542713,-130.63119707591235,0.0,0.0,0.0,1.0
0.0,36.132620959382976,41.61062830704353,-110.23091704181277,0.0,0.0,0.0,1.0
0.0,49.86301643398843,50.74521250590735,-134.50522818652013,0.0,0.0,0.0,1.0
0.0,45.61302242383333,42.02317927507562,-110.87167629782735,0.0,0.0,0.0,1.0
0.0,55.17556282648873,43.13187441261709,-112.79448121534978,0.0,0.0,0.0,1.0
0.0,52.04123832610391,40.404120394428915,-105.51550547440237,0.0,0.0,0.0,1.0
0.0,56.544671167321894,41.12600443181115,-106.92238488958746,0.0,0.0,0.0,1.0
0.0,50.62408556359097,36.53427327832975,-94.8962111359219,0.0,0.0,0.0,1.0
0.0,51.39706751115835,36.208552331247766,-93.85922102166205,0.0,0.0,0.0,1.0
0.0,54.97331911576564,37.72516283460551,-97.7039578732725,0.0,0.0,0.0,1.0
0.0,67.63071777160958,44.74470303266955,-115.83363253860982,0.0,0.0,0.0,1.0
0.0,69.99824889102092,47.688805517190076,-123.5717084510132,0.0,0.0,0.0,1.0
0.0,58.20947364845221,40.336445710481016,-104.56831672012191,0.0,0.0,0.0,1.0
0.0,57.397697100218316,41.871747019220045,-108.58845666266042,0.0,0.0,0.0,1.0
0.0,58.81374945083497,42.976600122351584,-111.41850075225067,0.0,0.0,0.0,1.0
0.0,51.898924327836994,37.61562686044726,-97.43158848682134,0.0,0.0,0.0,1.0
0.0,63.28761077552161,43.35822279933083,-111.78126041767,0.0,0.0,0.0,1.0
0.0,54.741304836764,37.847769452331804,-97.59429715377814,0.0,0.0,0.0,1.0
0.0,67.19486504034343,44.675016303914155,-115.05282166387452,0.0,0.0,0.0,1.0
0.0,64.82193380355719,44.63212086899499,-115.0370706928982,0.0,0.0,0.0,1.0
0.0,66.32461086355057,51.36346845836747,-133.29783427912602,0.0,0.0,0.0,1.0
0.0,60.38853988797959,46.51496578829923,-120.39305852446296,0.0,0.0,0.0,1.0
0.0,72.20445238973062,51.27607970641767,-132.19839170259223,0.0,0.0,0.0,1.0
0.0,72.32615793140474,49.76494956563407,-127.86100961953177,0.0,0.0,0.0,1.0
0.0,78.55371737960374,52.48301796264294,-134.61299504308562,0.0,0.0,0.0,1.0
0.0,73.46600008428962,48.90336543149498,-125.43819792725267,0.0,0.0,0.0,1.0
0.0,77.70768722583658,51.024723934031144,-130.3876971992597,0.0,0.0,0.0,1.0
0.0,73.13592600261572,47.65086921623252,-121.55444705447916,0.0,0.0,0.0,1.0
0.0,64.63352699809202,44.08898086276462,-112.54771621369805,0.0,0.0,0.0,1.0
0.0,55.53297930785325,38.349232757310595,-97.81547638702298,0.0,0.0,0.0,1.0
0.0,60.10868123680479,40.84998080702094,-104.23528020274235,0.0,0.0,0.0,1.0
0.0,67.8776145777,44.89855171953881,-114.16974800916367,0.0,0.0,0.0,1.0
0.0,65.65555083262286,43.52764316492409,-110.44933211786802,0.0,0.0,0.0,1.0
0.0,63.54029730656945,44.341444277211224,-112.79237255495411,0.0,0.0,0.0,1.0
0.0,64.85772646456056,44.707757601568225,-113.47009580333513,0.0,0.0,0.0,1.0
0.0,64.19658064729686,43.69857703593302,-110.65314316359536,0.0,0.0,0.0,1.0
0.0,63.957949967903396,43.15981493291861,-109.4428099934397,0.0,0.0,0.0,1.0
0.0,63.81904460718196,42.8283025029319,-108.66608784310388,0.0,0.0,0.0,1.0
0.0,65.0753852107067,43.90441883808874,-111.1104743401123,0.0,0.0,0.0,1.0
0.0,59.177370327301944,41.5246680381891,-105.2433047977345,0.0,0.0,0.0,1.0
0.0,55.39236392087455,40.01005097547416,-101.47809315542749,0.0,0.0,0.0,1.0
0.0,53.54012437621384,39.59610460065456,-100.47922764238224,0.0,0.0,0.0,1.0
0.0,73.9974468538584,50.448998973734305,-127.25239298784071,0.0,0.0,0.0,1.0
0.0,66.02321025933321,46.841153970088214,-118.3545751639491,0.0,0.0,0.0,1.0
0.0,63.13015108030585,46.65882657557571,-117.95591801642603,0.0,0.0,0.0,1.0
0.0,56.45768583566887,41.88165987466054,-105.90773924435491,0.0,0.0,0.0,1.0
0.0,56.67352582848111,43.204974019193294,-109.34032500617269,0.0,0.0,0.0,1.0
0.0,59.22463957477329,45.683834108945774,-115.60871626309326,0.0,0.0,0.0,1.0
0.0,62.63086671606131,45.93338411206839,-115.76984091233882,0.0,0.0,0.0,1.0
0.0,64.6904843401083,46.164844797588515,-116.05169131769102,0.0,0.0,0.0,1.0
0.0,56.79173367731329,41.22402438177995,-103.60536759389271,0.0,0.0,0.0,1.0
0.0,55.521158686263384,41.52146926046348,-104.47013770341165,0.0,0.0,0.0,1.0
0.0,51.353620591499336,38.698782011772956,-97.25858601640547,0.0,0.0,0.0,1.0
0.0,48.21267231824767,36.548485519753754,-91.84944695570776,0.0,0.0,0.0,1.0
0.0,47.26460980025156,36.12868057177402,-90.687388569447,0.0,0.0,0.0,1.0
0.0,52.62511625215961,41.7717703245958,-104.75031085014254,0.0,0.0,0.0,1.0
0.0,51.775938075319445,41.16742268667263,-103.19109035625334,0.0,0.0,0.0,1.0
0.0,52.83941577796462,42.065458448034924,-105.37479501467647,0.0,0.0,0.0,1.0
0.0,57.42248260188301,49.252107003519484,-124.15562865528403,0.0,0.0,0.0,1.0
0.0,57.88147797053866,48.811477802975254,-122.7265739645715,0.0,0.0,0.0,1.0
0.0,52.50251342145309,44.79612039032635,-112.81657904799678,0.0,0.0,0.0,1.0
0.0,56.666084440086166,50.60218347741575,-127.80524499399971,0.0,0.0,0.0,1.0
0.0,63.47759178542083,57.815076374635325,-146.2038572166279,0.0,0.0,0.0,1.0
0.0,55.321823984030814,58.437541185570716,-148.14385573109428,0.0,0.0,0.0,1.0
0.0,53.954477326946645,64.6395844978132,-164.55515197065543,0.0,0.0,0.0,1.0
0.0,58.578655264305745,64.23165966086519,-163.14223686928415,0.0,0.0,0.0,1.0
0.0,51.5767920904491,61.48850605705889,-156.03157760604594,0.0,0.0,0.0,1.0
0.0,46.838556176265826,60.02091861281278,-152.16119844694572,0.0,0.0,0.0,1.0
0.0,43.46046101214962,57.40526972363166,-145.57659500423546,0.0,0.0,0.0,1.0
0.0,45.17954496156108,57.25282977854706,-145.17504189161141,0.0,0.0,0.0,1.0
0.0,43.00934138984011,56.9401243612368,-144.37258649493907,0.0,0.0,0.0,1.0
0.0,44.60048113247609,63.04931472624128,-159.50917989753677,0.0,0.0,0.0,1.0
0.0,45.83873352935694,60.80497761053396,-153.8423507525597,0.0,0.0,0.0,1.0
0.0,46.35876051474507,59.15166971433258,-149.66666371964814,0.0,0.0,0.0,1.0
0.0,46.00145277561657,63.325935494559715,-159.63858860589377,0.0,0.0,0.0,1.0
0.0,42.94904408520591,59.78588402058969,-150.85205202309075,0.0,0.0,0.0,1.0
0.0,72.68207838986707,38.39251526726366,-165.32537680722075,0.0,0.0,0.0,1.0
0.0,60.0532057638405,43.80297817356966,-154.50150530517416,0.0,0.0,0.0,1.0
0.0,55.41279101900156,52.50926730888449,-160.71783658496912,0.0,0.0,0.0,1.0
0.0,51.612684545358675,57.17475987099422,-162.1057849538668,0.0,0.0,0.0,1.0
0.0,49.06835999599796,61.71508906338554,-166.79260650174572,0.0,0.0,0.0,1.0
0.0,45.5507242502209,60.73657317845592,-159.9153080666993,0.0,0.0,0.0,1.0
0.0,43.71608743060316,60.6383741089793,-156.82747150945698,0.0,0.0,0.0,1.0
0.0,44.51020018779641,64.06443538749949,-164.4339071547638,0.0,0.0,0.0,1.0
0.0,41.519098585289214,59.956523979244686,-152.98491977112258,0.0,0.0,0.0,1.0
0.0,44.60282134102161,59.66323877326381,-151.48893851808072,0.0,0.0,0.0,1.0
0.0,45.49316214201765,58.479310642362094,-148.02337792778948,0.0,0.0,0.0,1.0
0.0,47.366817755293845,65.27558906086296,-164.48891396527358,0.0,0.0,0.0,1.0
0.0,43.345927445928716,61.77847463452319,-155.32649462037924,0.0,0.0,0.0,1.0
0.0,40.764922605299965,59.94273611004494,-150.75280128670371,0.0,0.0,0.0,1.0
0.0,41.51561312263956,63.095525101303224,-158.71545273326214,0.0,0.0,0.0,1.0
0.0,41.39627485282866,64.92233837523948,-163.0459147977834,0.0,0.0,0.0,1.0
0.0,43.17678315863778,68.38064621987905,-171.92500486600687,0.0,0.0,0.0,1.0
0.0,39.91322808372597,61.92545107595253,-155.69028577828493,0.0,0.0,0.0,1.0
0.0,39.287558966206646,60.94652802796652,-153.22508667492113,0.0,0.0,0.0,1.0
0.0,38.18508615281079,59.48121926091194,-149.53864179984964,0.0,0.0,0.0,1.0
0.0,39.764324834681815,62.28611509649963,-156.9574514170322,0.0,0.0,0.0,1.0
0.0,39.36140009366713,61.2184968452001,-153.89261936327526,0.0,0.0,0.0,1.0
0.0,39.24464679618096,60.82763866939039,-152.66216281091707,0.0,0.0,0.0,1.0
0.0,38.97697315080027,60.34074119681854,-151.28181168197622,0.0,0.0,0.0,1.0
0.0,38.460868108782655,60.44485790312628,-151.43839567598565,0.0,0.0,0.0,1.0
0.0,38.24089542040933,60.757116316249245,-152.15305671132094,0.0,0.0,0.0,1.0
0.0,40.87995335191978,65.62175013932874,-164.28310276464615,0.0,0.0,0.0,1.0
0.0,41.50382011021001,66.2224616326887,-166.01146795370497,0.0,0.0,0.0,1.0
0.0,42.31112602956476,67.28615693422054,-168.50758656640025,0.0,0.0,0.0,1.0
0.0,42.287536191051956,67.04108207628349,-168.01197234579394,0.0,0.0,0.0,1.0
0.0,42.20587147498928,66.88380714129543,-167.6939156712695,0.0,0.0,0.0,1.0
0.0,42.32557007170993,67.6187615436797,-169.5872846538667,0.0,0.0,0.0,1.0
0.0,43.02224657782135,68.90280061907819,-172.84085906496162,0.0,0.0,0.0,1.0
0.0,47.46132590050826,74.45525081330702,-187.21929448564046,0.0,0.0,0.0,1.0
0.0,46.27789331921422,73.11191190585848,-183.9462006866932,0.0,0.0,0.0,1.0
0.0,44.869327014444934,71.25109929397055,-179.04573350909416,0.0,0.0,0.0,1.0
0.0,44.75971733005345,71.42662369109361,-179.33465101435903,0.0,0.0,0.0,1.0
0.0,47.74457396441416,74.94585799341563,-188.50335714028301,0.0,0.0,0.0,1.0
0.0,50.641613025998076,79.85580150797435,-201.03748771997067,0.0,0.0,0.0,1.0
0.0,53.347992402199445,83.53811881772103,-210.42083053338294,0.0,0.0,0.0,1.0
0.0,52.01435628931608,81.84360927315062,-205.78387816737072,0.0,0.0,0.0,1.0
0.0,49.446900986975656,78.16324793159491,-196.2810014468807,0.0,0.0,0.0,1.0
0.0,47.55212110115283,75.51512048352086,-189.7614825365183,0.0,0.0,0.0,1.0
0.0,46.40978745355493,74.1868912377464,-186.2114018398935,0.0,0.0,0.0,1.0
0.0,45.70056770684691,73.33451017329604,-183.9331644251547,0.0,0.0,0.0,1.0
0.0,44.83175505320494,72.09567685125815,-180.79657127412895,0.0,0.0,0.0,1.0
0.0,48.07756852606833,77.04342346805066,-193.54044223023382,0.0,0.0,0.0,1.0
0.0,46.92926343217253,75.09396364147048,-188.8416676837748,0.0,0.0,0.0,1.0
0.0,50.60124911058293,83.2195798068976,-208.84036332186434,0.0,0.0,0.0,1.0
0.0,47.878213816661926,78.57171194182833,-196.99547270118967,0.0,0.0,0.0,1.0
0.0,49.84702141975276,83.51364627587596,-209.22413583208595,0.0,0.0,0.0,1.0
0.0,50.85432023192253,86.26798373664838,-216.02804267544565,0.0,0.0,0.0,1.0
0.0,53.17390873156196,87.9863209268883,-220.72768595055206,0.0,0.0,0.0,1.0
0.0,53.24549354565058,89.55540032819705,-224.45410404398086,0.0,0.0,0.0,1.0
0.0,58.256431283541765,98.39965052445018,-246.45692679154726,0.0,0.0,0.0,1.0
0.0,53.06441946413842,88.89672939191213,-222.5952740346434,0.0,0.0,0.0,1.0
0.0,49.668847247284354,82.7133198441793,-207.06958749091618,0.0,0.0,0.0,1.0
0.0,51.98867705579602,88.42768576678839,-221.3348351775931,0.0,0.0,0.0,1.0
0.0,53.39346859414308,89.51049312662118,-224.48103325052867,0.0,0.0,0.0,1.0
0.0,53.9984037169593,89.79424522694686,-225.4655484218042,0.0,0.0,0.0,1.0
0.0,54.041799107554,92.03339907139662,-230.79208718027132,0.0,0.0,0.0,1.0
0.0,52.08298550501902,88.899818857032,-223.225923875762,0.0,0.0,0.0,1.0
0.0,56.779226567533556,95.5163368554345,-240.04477506911758,0.0,0.0,0.0,1.0
0.0,53.7216372713111,90.39251985640216,-227.19236520655525,0.0,0.0,0.0,1.0
0.0,57.60119907554582,100.7359052166653,-252.71595239727125,0.0,0.0,0.0,1.0
0.0,59.944817060260235,107.14021256579454,-268.5112755289236,0.0,0.0,0.0,1.0
0.0,61.999286728884144,112.13322294497596,-281.0086904794908,0.0,0.0,0.0,1.0
0.0,58.62136633730781,77.4290628083203,-225.55640245105906,0.0,0.0,0.0,1.0
0.0,53.93198642323906,54.04484910826894,-184.67917234562938,0.0,0.0,0.0,1.0
0.0,56.71613500362043,38.79292440305086,-174.14121915108436,0.0,0.0,0.0,1.0
0.0,58.59115412041181,32.01130064465915,-164.83070049988174,0.0,0.0,0.0,1.0
0.0,59.86965986509682,30.181460297167302,-162.47562152439934,0.0,0.0,0.0,1.0
0.0,60.54031349527751,28.90961230852232,-160.63598882669444,0.0,0.0,0.0,1.0
0.0,60.82861034375021,25.454655484786947,-155.879430365907,0.0,0.0,0.0,1.0
0.0,49.883870510835926,16.545454904893283,-147.31199045620798,0.0,0.0,0.0,1.0
0.0,53.86911052584104,19.973170849775034,-150.41948774986895,0.0,0.0,0.0,1.0
0.0,52.77621116585244,16.100287575259333,-141.98273277644975,0.0,0.0,0.0,1.0
0.0,56.005101685633484,19.799694638340952,-147.9842723565005,0.0,0.0,0.0,1.0
0.0,58.201404602269804,22.12018105077615,-151.8301302513054,0.0,0.0,0.0,1.0
0.0,62.009804578466586,19.73959320317566,-158.65940745185836,0.0,0.0,0.0,1.0
0.0,58.41786209996514,15.976090543567793,-148.4637023000874,0.0,0.0,0.0,1.0
0.0,59.31524032745593,19.406386442797846,-151.31944450723213,0.0,0.0,0.0,1.0
0.0,57.09781957767745,16.042036036974558,-146.66290590851065,0.0,0.0,0.0,1.0
0.0,59.445051695170015,14.484035014297255,-152.42282778381752,0.0,0.0,0.0,1.0
0.0,55.726567642987646,12.49730872459535,-144.3010347067987,0.0,0.0,0.0,1.0
0.0,55.159310703197896,11.71520724657538,-143.3772047339983,0.0,0.0,0.0,1.0
0.0,54.57360018787757,10.6427712290596,-142.22843390030803,0.0,0.0,0.0,1.0
0.0,52.858599616727034,9.971359032728417,-138.39563821135891,0.0,0.0,0.0,1.0
0.0,54.694400558903,10.054897039704654,-142.46002018395245,0.0,0.0,0.0,1.0
0.0,52.55863229195256,9.412519217603233,-137.7509637344597,0.0,0.0,0.0,1.0
0.0,54.093226256975136,9.46360822383519,-140.91556561613356,0.0,0.0,0.0,1.0
0.0,53.3478631190558,8.71801688997489,-140.36861965193464,0.0,0.0,0.0,1.0
0.0,52.12417078960058,8.47324401307006,-137.04129186271578,0.0,0.0,0.0,1.0
0.0,53.872218800450455,13.59057995619761,-141.37467123954428,0.0,0.0,0.0,1.0
0.0,54.99401537957166,16.835014184625596,-144.1555846531279,0.0,0.0,0.0,1.0
0.0,55.004839649450126,13.637644125247336,-144.21030427310598,0.0,0.0,0.0,1.0
0.0,43.88469098232723,13.926562899662903,-144.87437915828716,0.0,0.0,0.0,1.0
0.0,47.45365871848714,11.669065167614882,-143.49160385840526,0.0,0.0,0.0,1.0
0.0,52.193299837866924,8.596971497353465,-142.38348403605215,0.0,0.0,0.0,1.0
0.0,56.49267148327785,6.749077975971626,-149.73315116448504,0.0,0.0,0.0,1.0
0.0,44.92599874181022,10.561995990715456,-146.9924793636399,0.0,0.0,0.0,1.0
0.0,52.09243077826963,15.668191131417315,-155.48620884292365,0.0,0.0,0.0,1.0
0.0,55.079643413594766,18.220698287756733,-156.31424916143598,0.0,0.0,0.0,1.0
0.0,54.348263865193715,18.942758321014857,-150.95866189504804,0.0,0.0,0.0,1.0
0.0,54.25995904222459,19.502376763699182,-148.46100900750744,0.0,0.0,0.0,1.0
0.0,55.694920281174795,20.27713217005791,-150.20531371968826,0.0,0.0,0.0,1.0
0.0,54.45462247355008,20.039289101781954,-146.51677211604195,0.0,0.0,0.0,1.0
0.0,53.58284455253705,19.81306213518624,-144.02096982518853,0.0,0.0,0.0,1.0
0.0,41.14017686763914,16.572953802055437,-139.2414104082184,0.0,0.0,0.0,1.0
0.0,46.01492654610064,17.80912408184839,-141.63405057909074,0.0,0.0,0.0,1.0
0.0,49.37758833253925,18.632037803757054,-143.74190464846257,0.0,0.0,0.0,1.0
0.0,54.923413158022456,11.993460343782726,-141.50828902628055,0.0,0.0,0.0,1.0
0.0,58.26126042659365,16.26961234634697,-154.5772449036232,0.0,0.0,0.0,1.0
0.0,55.91462577706741,17.097634298587593,-149.19371722290563,0.0,0.0,0.0,1.0
0.0,55.33759309848065,17.875595383140492,-147.8808857827584,0.0,0.0,0.0,1.0
0.0,55.64915508424236,18.515384204964683,-148.625765841671,0.0,0.0,0.0,1.0
0.0,55.96084421919232,18.90502809931199,-149.40192511369787,0.0,0.0,0.0,1.0
0.0,56.40835480493612,19.17320064041323,-150.50632836593277,0.0,0.0,0.0,1.0
0.0,59.94964705527561,20.481655838599625,-160.58333621676084,0.0,0.0,0.0,1.0
0.0,57.17343227897451,19.5683819255188,-153.69831619796716,0.0,0.0,0.0,1.0
0.0,56.21537199950284,19.166688684392245,-151.1938909644185,0.0,0.0,0.0,1.0
0.0,54.73947458353627,18.61196687302047,-147.6727107806408,0.0,0.0,0.0,1.0
0.0,57.90911379052942,19.488637285062612,-155.75670886924922,0.0,0.0,0.0,1.0
0.0,55.44726201615947,18.610762262543634,-149.822579600398,0.0,0.0,0.0,1.0
0.0,41.8190745829838,15.705279645359841,-145.81646657832107,0.0,0.0,0.0,1.0
0.0,46.266269320292174,16.405886912214335,-146.1405674181342,0.0,0.0,0.0,1.0
0.0,35.71326853215619,14.052890754707317,-143.73867083216177,0.0,0.0,0.0,1.0
0.0,40.48985804815019,14.61668405414748,-139.33211058522826,0.0,0.0,0.0,1.0
0.0,44.01712457589634,15.246435315948748,-139.30187912368393,0.0,0.0,0.0,1.0
0.0,45.548538821818056,15.229582076506697,-135.9222036183227,0.0,0.0,0.0,1.0
0.0,34.751134057649935,13.078802259692136,-135.0790547161886,0.0,0.0,0.0,1.0
0.0,27.82898777881174,11.66620885764491,-135.78075849515733,0.0,0.0,0.0,1.0
0.0,34.20185761174204,12.702131907243034,-133.00488256019315,0.0,0.0,0.0,1.0
0.0,40.169811351490075,14.114565123415902,-138.05629698224888,0.0,0.0,0.0,1.0
0.0,45.013185815391836,14.956759026267388,-141.16053732042437,0.0,0.0,0.0,1.0
0.0,45.69493825590075,14.854187232637392,-137.8122035664252,0.0,0.0,0.0,1.0
0.0,34.592369494339835,12.754381576432111,-136.90184525650358,0.0,0.0,0.0,1.0
0.0,27.64861100437185,11.526709616961057,-139.12015938252802,0.0,0.0,0.0,1.0
0.0,23.10378366895277,10.67930741405226,-140.06296351580454,0.0,0.0,0.0,1.0
0.0,30.58828103943797,11.673781302805832,-134.60986153881257,0.0,0.0,0.0,1.0
0.0,34.60488013435734,11.96634066422975,-128.04660340355062,0.0,0.0,0.0,1.0
0.0,36.97047962340492,12.060899178091992,-123.39347757021247,0.0,0.0,0.0,1.0
0.0,39.388358775536126,12.452921562760734,-123.91411733044023,0.0,0.0,0.0,1.0
0.0,30.32851242822077,11.20521221682257,-129.38783751272337,0.0,0.0,0.0,1.0
0.0,37.51557408698764,12.409735746794906,-133.17944534456404,0.0,0.0,0.0,1.0
0.0,50.94060705962631,8.005392861184017,-141.54439045838447,0.0,0.0,0.0,1.0
0.0,55.676010605913675,11.499392327441958,-152.40270621086546,0.0,0.0,0.0,1.0
0.0,51.05073660521144,11.851000793633204,-141.62416365333567,0.0,0.0,0.0,1.0
0.0,51.66438345757575,12.908164278335569,-143.04565360878092,0.0,0.0,0.0,1.0
0.0,51.244248753840324,13.320340887738801,-142.07160871058528,0.0,0.0,0.0,1.0
0.0,47.963332858796605,12.849271111099423,-134.504784597392,0.0,0.0,0.0,1.0
0.0,45.84178124946853,12.514868310577409,-129.6488324997919,0.0,0.0,0.0,1.0
0.0,45.07622051432176,12.558209255477436,-128.97866838119901,0.0,0.0,0.0,1.0
0.0,43.83326564907786,12.25193020628986,-125.81498179147083,0.0,0.0,0.0,1.0
0.0,32.33803202590421,11.163262364107286,-121.24914410377903,0.0,0.0,0.0,1.0
0.0,26.022860056503426,11.678660519183868,-126.3754525957497,0.0,0.0,0.0,1.0
0.0,32.835963102847586,11.900073285569174,-127.20331765206572,0.0,0.0,0.0,1.0
0.0,38.863864113276954,12.853495894513138,-136.43771036603832,0.0,0.0,0.0,1.0
0.0,45.743988940987634,14.152614896761431,-150.3167231483208,0.0,0.0,0.0,1.0
0.0,44.241552350394215,13.15082227384279,-139.79763597821184,0.0,0.0,0.0,1.0
0.0,32.414748894247296,11.610371699191804,-133.95962422693142,0.0,0.0,0.0,1.0
0.0,35.84953750325437,11.391350217650745,-128.35523051315846,0.0,0.0,0.0,1.0
0.0,27.862644953833104,10.48710510089906,-148.09773536636948,0.0,0.0,0.0,1.0
0.0,22.415431843195876,10.83940819476758,-140.98406760926,0.0,0.0,0.0,1.0
0.0,18.774072756092295,10.934812446420175,-135.70704378031266,0.0,0.0,0.0,1.0
0.0,30.47968984322058,12.394576874211364,-146.22769783062566,0.0,0.0,0.0,1.0
0.0,23.209978526638004,10.993003007201837,-137.25304848248547,0.0,0.0,0.0,1.0
0.0,19.356292546788477,11.12412945709692,-138.48258689758754,0.0,0.0,0.0,1.0
0.0,16.780174789301547,11.174741746860692,-138.62801881101583,0.0,0.0,0.0,1.0
0.0,14.272508635722915,10.24438320557585,-132.86458568045472,0.0,0.0,0.0,1.0
0.0,30.30192156925343,11.676553341279035,-142.66569423657165,0.0,0.0,0.0,1.0
0.0,23.580219284795305,11.52510657091936,-141.83532449316087,0.0,0.0,0.0,1.0
0.0,19.510100974422585,11.49815149161849,-150.5669302277019,0.0,0.0,0.0,1.0
0.0,16.349601308828618,11.163571777322185,-144.6005128776982,0.0,0.0,0.0,1.0
0.0,14.456912255841033,11.118954673121594,-146.05317170156778,0.0,0.0,0.0,1.0
0.0,13.030998975250727,10.741284936419374,-150.66188486151484,0.0,0.0,0.0,1.0
0.0,24.82992658823195,11.543462455191998,-151.04056233148788,0.0,0.0,0.0,1.0
0.0,33.97304904044729,12.180482408241598,-151.53037673081857,0.0,0.0,0.0,1.0
0.0,26.8646714401966,13.78383134500636,-145.1221266150613,0.0,0.0,0.0,1.0
0.0,33.952110617780775,13.14547502241551,-144.72869337481714,0.0,0.0,0.0,1.0
0.0,38.2580850910695,12.596045609995842,-144.0498354830435,0.0,0.0,0.0,1.0
0.0,27.792382893696,11.807884898293816,-139.1067594217291,0.0,0.0,0.0,1.0
0.0,34.42802974148006,11.415401307417905,-140.44111727316607,0.0,0.0,0.0,1.0
0.0,38.64585458395064,11.254641944524492,-142.64195128649305,0.0,0.0,0.0,1.0
0.0,27.31644062587507,10.276389108378732,-130.80263607046334,0.0,0.0,0.0,1.0
0.0,20.40814473224872,10.218381639058727,-127.23223934383824,0.0,0.0,0.0,1.0
0.0,28.926571184341316,10.197676100059352,-132.0518084853312,0.0,0.0,0.0,1.0
0.0,21.09616515633954,9.818881548005589,-125.20741455071811,0.0,0.0,0.0,1.0
0.0,15.771093873267038,9.22311506476816,-117.56407005620395,0.0,0.0,0.0,1.0
0.0,22.731442006337517,9.279635635162599,-116.3200982877077,0.0,0.0,0.0,1.0
0.0,28.734186939573977,9.616278613924433,-119.477861210684,0.0,0.0,0.0,1.0
0.0,31.440278440755378,9.670048155723615,-119.32394619679334,0.0,0.0,0.0,1.0
0.0,32.728438382336726,9.56399130495899,-117.6043793660317,0.0,0.0,0.0,1.0
0.0,32.965045342364874,9.230462103137434,-113.60266230701859,0.0,0.0,0.0,1.0
0.0,33.566820804779894,9.244500130663292,-113.84650959773708,0.0,0.0,0.0,1.0
0.0,33.8193993848459,9.255882917149869,-113.66147660242446,0.0,0.0,0.0,1.0
0.0,33.968590449908646,9.262358327173578,-113.62464360618334,0.0,0.0,0.0,1.0
0.0,35.94666501887354,10.041334275824793,-122.52614963017065,0.0,0.0,0.0,1.0
0.0,25.513877133050414,10.337247784629884,-122.06784603334366,0.0,0.0,0.0,1.0
0.0,31.50027153371098,9.799523712476116,-128.1747029345219,0.0,0.0,0.0,1.0
0.0,32.748666386643954,9.532148168246781,-122.5177688785889,0.0,0.0,0.0,1.0
0.0,35.09796782396238,9.821113286491114,-124.71060770775047,0.0,0.0,0.0,1.0
0.0,34.66792135241179,9.656408833796215,-121.38010700358572,0.0,0.0,0.0,1.0
0.0,34.312739768538904,9.528327246735394,-119.15522324958225,0.0,0.0,0.0,1.0
0.0,33.33174046080122,9.176310157307835,-114.12646750776254,0.0,0.0,0.0,1.0
0.0,32.61772669267741,8.944500162624855,-110.82665752655747,0.0,0.0,0.0,1.0
0.0,33.38381194087325,9.330164210167144,-114.98310579484246,0.0,0.0,0.0,1.0
0.0,32.58218044622481,9.021244599004923,-111.44904271200794,0.0,0.0,0.0,1.0
0.0,33.27745257224547,9.062775558839453,-112.34533166743064,0.0,0.0,0.0,1.0
0.0,33.45822870979261,9.299950897669936,-114.95214144038043,0.0,0.0,0.0,1.0
0.0,24.089194384621003,10.916449214512292,-120.73045936037046,0.0,0.0,0.0,1.0
0.0,26.7555564498709,10.114938334046634,-115.9886480733077,0.0,0.0,0.0,1.0
0.0,29.857238142442533,10.061454570558169,-118.3515910990391,0.0,0.0,0.0,1.0
0.0,30.141107305189298,9.517908678127153,-113.8632798935766,0.0,0.0,0.0,1.0
0.0,30.25292888742879,9.177168793287679,-110.9094000441161,0.0,0.0,0.0,1.0
0.0,23.530681527353245,11.887114723014552,-106.45606863516139,0.0,0.0,0.0,1.0
0.0,17.87581951372093,12.518749579208851,-106.6447084484162,0.0,0.0,0.0,1.0
0.0,14.6450199536051,13.59889613461455,-110.6455272442161,0.0,0.0,0.0,1.0
0.0,12.657147932961607,13.8409200652224,-104.39798471857611,0.0,0.0,0.0,1.0
0.0,12.081407796758587,14.756622788694763,-101.47630381214522,0.0,0.0,0.0,1.0
0.0,18.636646657435683,12.632432405336552,-103.5842618442329,0.0,0.0,0.0,1.0
0.0,23.39464535191416,11.55030900905881,-108.16751489067516,0.0,0.0,0.0,1.0
0.0,18.375563745795603,14.03671144526332,-123.45147782153651,0.0,0.0,0.0,1.0
0.0,23.30192949455779,12.545111566225481,-121.76448468732643,0.0,0.0,0.0,1.0
0.0,26.33035387680877,11.564411000628073,-120.30560371039628,0.0,0.0,0.0,1.0
0.0,19.705242749204075,13.300776246195579,-126.27596219119715,0.0,0.0,0.0,1.0
0.0,23.909488879087277,12.019321497540354,-122.84043115139943,0.0,0.0,0.0,1.0
0.0,18.741725288817598,13.74200369048618,-121.11107729034782,0.0,0.0,0.0,1.0
0.0,22.665623591729172,12.038207119931629,-116.35468036049646,0.0,0.0,0.0,1.0
0.0,25.1972066275452,10.971938642122925,-113.45547844753676,0.0,0.0,0.0,1.0
0.0,27.485235669913475,10.657899269657767,-115.35908505903986,0.0,0.0,0.0,1.0
0.0,21.116105463345235,13.96883640055541,-129.2642990864385,0.0,0.0,0.0,1.0
0.0,24.815146574609418,12.611650584450937,-125.40089416235263,0.0,0.0,0.0,1.0
0.0,27.141815420455437,11.75640778932207,-122.92158329634702,0.0,0.0,0.0,1.0
0.0,30.894993278140113,12.393431372055021,-133.89190861345614,0.0,0.0,0.0,1.0
0.0,31.061454584268095,11.640312709381126,-128.64810698572734,0.0,0.0,0.0,1.0
0.0,32.48092823592431,11.49670494216936,-129.31972479226707,0.0,0.0,0.0,1.0
0.0,31.477732958324424,10.792904693715448,-122.56269942569924,0.0,0.0,0.0,1.0
0.0,31.469088478454648,10.711836453380204,-121.96318978892016,0.0,0.0,0.0,1.0
0.0,31.47958150640305,10.707933196202182,-121.57845901750274,0.0,0.0,0.0,1.0
0.0,24.265752450765262,13.913183929587415,-122.80865627535385,0.0,0.0,0.0,1.0
0.0,26.83889958080042,12.786200873736295,-122.29922947874405,0.0,0.0,0.0,1.0
0.0,28.624678133479534,12.150379734384833,-122.68093960288894,0.0,0.0,0.0,1.0
0.0,29.840905056028674,11.794590260099588,-123.32615651463925,0.0,0.0,0.0,1.0
0.0,30.5135020078802,11.544620832455346,-123.22549967602242,0.0,0.0,0.0,1.0
0.0,23.066223237977244,13.703098857735496,-119.54319768304975,0.0,0.0,0.0,1.0
0.0,28.160073285181916,14.023398232656948,-132.41516636898,0.0,0.0,0.0,1.0
0.0,29.81089593542613,13.140240551206032,-130.51713697709442,0.0,0.0,0.0,1.0
0.0,22.80074961239877,14.664308296758914,-121.86818685257111,0.0,0.0,0.0,1.0
0.0,17.722545418511963,14.839170905448274,-112.05751889159896,0.0,0.0,0.0,1.0
0.0,22.71649463635287,13.675489059260816,-116.49226862706823,0.0,0.0,0.0,1.0
0.0,25.917645650171,12.961255101352679,-119.42129835525138,0.0,0.0,0.0,1.0
0.0,20.16147129804848,13.825370143013222,-107.87820488672136,0.0,0.0,0.0,1.0
0.0,25.04249735380765,13.527023201253254,-118.22682732932913,0.0,0.0,0.0,1.0
0.0,27.527149986446418,12.97593291974523,-121.25936747936883,0.0,0.0,0.0,1.0
0.0,32.175484821891885,14.595869397477632,-140.85411250091494,0.0,0.0,0.0,1.0
0.0,24.41157520717321,15.6113724047337,-127.40715599384058,0.0,0.0,0.0,1.0
0.0,27.10134503332229,14.363595782271297,-127.23471912059753,0.0,0.0,0.0,1.0
0.0,21.297939124781422,15.992421122703888,-122.5271560772147,0.0,0.0,0.0,1.0
0.0,25.435451183116697,14.85633972237155,-125.87649859285602,0.0,0.0,0.0,1.0
0.0,19.57528402071752,16.48678173527412,-128.24593634072738,0.0,0.0,0.0,1.0
0.0,16.486090552805813,16.460040502649246,-114.30768837706918,0.0,0.0,0.0,1.0
0.0,22.162378734933917,15.141259117918455,-119.65202014188536,0.0,0.0,0.0,1.0
0.0,26.114690568731316,14.408750963280479,-124.14390475271374,0.0,0.0,0.0,1.0
0.0,28.780287364144893,14.055259810387064,-127.93269725021943,0.0,0.0,0.0,1.0
0.0,22.07811177194969,29.75189137767131,-135.48705411446798,0.0,0.0,0.0,1.0
0.0,17.73677742463885,39.564432903835936,-139.73932045550026,0.0,0.0,0.0,1.0
0.0,23.101019359631323,30.156020283487692,-136.7252118981703,0.0,0.0,0.0,1.0
0.0,20.21332208641718,26.578827970149938,-123.44476977925902,0.0,0.0,0.0,1.0
0.0,16.099576397980787,23.204316846971235,-118.13744647563315,0.0,0.0,0.0,1.0
0.0,22.378710309624836,19.916020300101447,-124.6160751393014,0.0,0.0,0.0,1.0
0.0,18.83349628628597,19.77178629544005,-118.61061180288618,0.0,0.0,0.0,1.0
0.0,17.565125366746535,20.141322047461593,-113.52063183358429,0.0,0.0,0.0,1.0
0.0,23.24958754167013,17.979443303843553,-121.1537896073702,0.0,0.0,0.0,1.0
0.0,18.145633739364534,18.584663390409094,-123.70490835626431,0.0,0.0,0.0,1.0
0.0,23.925980266447183,17.205797510887134,-129.40045077448147,0.0,0.0,0.0,1.0
0.0,18.97294442390265,29.031439428235316,-129.566973016396,0.0,0.0,0.0,1.0
0.0,24.2927317161871,23.85479724126953,-132.1244748786927,0.0,0.0,0.0,1.0
0.0,27.739701176189513,20.582146936011526,-133.97288928220985,0.0,0.0,0.0,1.0
0.0,20.94011659522619,20.0095905380766,-129.5421956645782,0.0,0.0,0.0,1.0
0.0,16.591096341233673,19.64555180847382,-126.56601207209297,0.0,0.0,0.0,1.0
0.0,13.800969779458423,19.509797906559992,-125.22872376968276,0.0,0.0,0.0,1.0
0.0,21.26848747858337,18.01172480992172,-130.79635815729327,0.0,0.0,0.0,1.0
0.0,26.027551715319984,17.065674174517508,-134.08368582727573,0.0,0.0,0.0,1.0
0.0,20.059446681156366,17.20981207721226,-123.26463780494188,0.0,0.0,0.0,1.0
0.0,16.230925619877294,17.6266941503778,-119.13242371614277,0.0,0.0,0.0,1.0
0.0,14.026023550866661,29.223367116714865,-123.0880474844247,0.0,0.0,0.0,1.0
0.0,12.57705097583339,36.21295653247444,-124.42650575336926,0.0,0.0,0.0,1.0
0.0,13.88423941828354,31.3822212616764,-121.37128362472662,0.0,0.0,0.0,1.0
0.0,20.797792690468874,25.369537186791838,-124.88288772873601,0.0,0.0,0.0,1.0
0.0,17.119383006163265,33.372533181877,-124.62257730909081,0.0,0.0,0.0,1.0
0.0,13.356482035299617,24.26948672974834,-126.51863897230554,0.0,0.0,0.0,1.0
0.0,12.218411896987755,30.723237541159072,-120.50126016441854,0.0,0.0,0.0,1.0
0.0,11.635270474958272,35.99068867856995,-119.66272299683929,0.0,0.0,0.0,1.0
0.0,11.39016918952497,39.525664726137094,-119.50623772677736,0.0,0.0,0.0,1.0
0.0,11.361185146667506,41.86575910229921,-119.59183826407607,0.0,0.0,0.0,1.0
0.0,11.04628265004494,42.56218543490815,-117.63177718854708,0.0,0.0,0.0,1.0
0.0,10.706620204929589,42.46466689205781,-114.95568727808833,0.0,0.0,0.0,1.0
0.0,10.44485115348076,42.1512626190772,-112.60368637080676,0.0,0.0,0.0,1.0
0.0,10.410243533575965,42.38280296485245,-112.221909857705,0.0,0.0,0.0,1.0
0.0,10.498553434573578,42.94180510914437,-113.0861580302533,0.0,0.0,0.0,1.0
0.0,11.045527775268596,35.368174847622114,-116.96926056318067,0.0,0.0,0.0,1.0
0.0,11.159077151177343,38.31036129740728,-115.69582680388915,0.0,0.0,0.0,1.0
0.0,11.376705287666061,41.1827248298669,-117.52342445776286,0.0,0.0,0.0,1.0
0.0,10.933251525974017,41.536587571371825,-114.96537274443592,0.0,0.0,0.0,1.0
0.0,10.772784139824761,41.244640861253636,-111.83602781149166,0.0,0.0,0.0,1.0
0.0,10.587986250285688,41.31079163883967,-110.6016685223669,0.0,0.0,0.0,1.0
0.0,10.543190270036002,42.65736871814211,-113.32406661723637,0.0,0.0,0.0,1.0
0.0,10.981051584853747,27.57675326894023,-110.28461572896883,0.0,0.0,0.0,1.0
0.0,11.297273737430759,23.84095099399128,-102.0433116515718,0.0,0.0,0.0,1.0
0.0,10.786299778874103,22.07362226833127,-103.9087488153243,0.0,0.0,0.0,1.0
0.0,11.26875562979561,30.749035583610883,-110.06960075142494,0.0,0.0,0.0,1.0
0.0,14.360401014535466,28.77762800410795,-113.74419077572409,0.0,0.0,0.0,1.0
0.0,13.87264740056255,35.88083852824632,-118.5517764379628,0.0,0.0,0.0,1.0
0.0,13.916676445829662,31.536429936352196,-122.12673563064597,0.0,0.0,0.0,1.0
0.0,13.003771543447613,37.52263181052397,-123.81479408997764,0.0,0.0,0.0,1.0
0.0,12.68209813412173,40.12764043624573,-121.50378025215434,0.0,0.0,0.0,1.0
0.0,11.47757369226988,28.211470230427366,-119.61440687488147,0.0,0.0,0.0,1.0
0.0,10.960407582893625,37.466563495388264,-126.40796332356602,0.0,0.0,0.0,1.0
0.0,11.079943181304488,24.882726664758593,-119.18650471697106,0.0,0.0,0.0,1.0
0.0,10.843765740527655,28.144137972823824,-108.23475186123757,0.0,0.0,0.0,1.0
0.0,10.657877875207511,36.40819504071304,-116.45755221277457,0.0,0.0,0.0,1.0
0.0,13.671064206294837,40.554026766252576,-119.0212741863191,0.0,0.0,0.0,1.0
0.0,13.161997269916608,38.93645802547991,-109.94892615818839,0.0,0.0,0.0,1.0
0.0,12.976477577259274,38.64261465313375,-106.11306767160741,0.0,0.0,0.0,1.0
0.0,12.91467162011897,38.179839442014455,-102.88717782332006,0.0,0.0,0.0,1.0
0.0,13.026484876997865,38.002385426305956,-101.12774995175386,0.0,0.0,0.0,1.0
0.0,11.681346553671837,26.795761115315813,-111.00894962389351,0.0,0.0,0.0,1.0
0.0,13.761104804544345,32.93299629812242,-111.89939473599463,0.0,0.0,0.0,1.0
0.0,12.956271748500459,28.283421931683165,-109.69495908378451,0.0,0.0,0.0,1.0
0.0,13.511321165565086,31.933596389436502,-106.14412870669656,0.0,0.0,0.0,1.0
0.0,15.121166954575754,36.103956514172076,-108.43205908038561,0.0,0.0,0.0,1.0
0.0,16.400499374872325,39.0529981028321,-110.58507522892563,0.0,0.0,0.0,1.0
0.0,17.239036950468204,40.87951341801936,-111.7963684558456,0.0,0.0,0.0,1.0
0.0,17.824669056178568,42.00125642896053,-112.40471481103651,0.0,0.0,0.0,1.0
0.0,17.35367315778063,42.11983717815184,-111.469929389827,0.0,0.0,0.0,1.0
0.0,18.198796371566388,43.00776024733857,-112.71848568045299,0.0,0.0,0.0,1.0
0.0,18.8641200119091,43.79360103378808,-114.05663610237451,0.0,0.0,0.0,1.0
0.0,14.665209255424818,30.986177843764796,-112.79451398537093,0.0,0.0,0.0,1.0
0.0,12.119967415132633,22.57922341461417,-111.81056213469921,0.0,0.0,0.0,1.0
0.0,16.709126627242316,16.514916577517674,-102.72894356727977,0.0,0.0,0.0,1.0
0.0,12.713819867292507,13.801366531590586,-109.27498726337124,0.0,0.0,0.0,1.0
0.0,10.808831430393706,11.401044816526179,-108.18251918014784,0.0,0.0,0.0,1.0
0.0,9.22926413196877,10.381291841922739,-111.11219241340213,0.0,0.0,0.0,1.0
0.0,8.598271114434203,9.309264423392335,-109.52627582687008,0.0,0.0,0.0,1.0
0.0,8.09935038220037,9.558139511348957,-115.40081342757648,0.0,0.0,0.0,1.0
0.0,7.546915531139204,9.361985923855025,-118.4134766357414,0.0,0.0,0.0,1.0
0.0,7.888284465592953,8.635433871049392,-116.99740160013008,0.0,0.0,0.0,1.0
0.0,7.6786172150001,8.103444656579127,-111.97096969981769,0.0,0.0,0.0,1.0
0.0,7.936244680141325,8.009327777730103,-113.30083629885293,0.0,0.0,0.0,1.0
0.0,11.132070235808966,20.447688616554643,-112.52783506920662,0.0,0.0,0.0,1.0
0.0,9.630184522536624,17.554555675640504,-118.5098127541563,0.0,0.0,0.0,1.0
0.0,9.792405166538188,26.059095715763554,-114.00308380102695,0.0,0.0,0.0,1.0
0.0,8.861284000717392,21.368987685290712,-120.49477726292386,0.0,0.0,0.0,1.0
0.0,11.858894790897981,28.0876465109132,-114.60855466674289,0.0,0.0,0.0,1.0
0.0,13.4556053239927,31.45557440855001,-108.34999550676085,0.0,0.0,0.0,1.0
0.0,14.731612493873103,33.86922771808158,-104.97038902943133,0.0,0.0,0.0,1.0
0.0,15.690145915690785,35.419686094851194,-102.73761181632808,0.0,0.0,0.0,1.0
0.0,17.65391629612125,38.848193774799206,-107.55544769351751,0.0,0.0,0.0,1.0
0.0,14.200219359362228,27.576864323704804,-106.9278868883846,0.0,0.0,0.0,1.0
0.0,12.710564826687097,31.972572769584076,-105.27578527157821,0.0,0.0,0.0,1.0
0.0,12.052443463723405,35.42743026934584,-105.80700626491804,0.0,0.0,0.0,1.0
0.0,15.329422581510885,37.6339837149652,-106.23003637956728,0.0,0.0,0.0,1.0
0.0,13.905671034115423,39.16279559841382,-106.64500596560458,0.0,0.0,0.0,1.0
0.0,10.82734071756574,29.174570005977625,-108.12511408559963,0.0,0.0,0.0,1.0
0.0,10.599322326408458,32.84317789873433,-105.62960447410137,0.0,0.0,0.0,1.0
0.0,15.18963020569636,37.0680929311424,-108.88773849584854,0.0,0.0,0.0,1.0
0.0,13.617034883174513,38.0770730413538,-106.53350520558011,0.0,0.0,0.0,1.0
0.0,11.31124648296214,27.106529194885702,-101.52252180698832,0.0,0.0,0.0,1.0
0.0,11.311836556630814,31.911515449122792,-102.37209328268229,0.0,0.0,0.0,1.0
0.0,11.603472188215271,25.157328396208538,-104.92495775776449,0.0,0.0,0.0,1.0
0.0,10.119462302014185,19.13311200805717,-100.7475706327725,0.0,0.0,0.0,1.0
0.0,9.138540510833947,15.141331243287718,-97.40638020264024,0.0,0.0,0.0,1.0
0.0,15.016938350710344,26.008325927911457,-104.32256980134267,0.0,0.0,0.0,1.0
0.0,12.35823332172572,19.85716475926668,-100.34509393567068,0.0,0.0,0.0,1.0
0.0,10.685895050453817,15.852770234036058,-97.97922310324553,0.0,0.0,0.0,1.0
0.0,12.997576875080247,11.768019495012073,-99.67644465306614,0.0,0.0,0.0,1.0
0.0,11.141964316712246,11.21778120009936,-99.89222335223768,0.0,0.0,0.0,1.0
0.0,10.470026601852103,11.08653440008696,-103.41797039448316,0.0,0.0,0.0,1.0
0.0,9.629210574256613,10.896553780655246,-102.57694248714427,0.0,0.0,0.0,1.0
0.0,9.304196543816591,10.868510970880731,-102.03721919376656,0.0,0.0,0.0,1.0
0.0,9.057436877115085,11.029786449576607,-103.1053411178735,0.0,0.0,0.0,1.0
0.0,8.863416127493009,11.039662532867789,-102.85910491943734,0.0,0.0,0.0,1.0
0.0,9.441363238570844,21.375895179142006,-102.79307805919045,0.0,0.0,0.0,1.0
0.0,10.881518714765512,17.73424906095629,-104.83535847356798,0.0,0.0,0.0,1.0
0.0,12.492226520683076,26.889799528782632,-106.83728307767032,0.0,0.0,0.0,1.0
0.0,11.307140992888362,21.674386355995395,-107.10406887930951,0.0,0.0,0.0,1.0
0.0,16.558798591305177,29.75309239178585,-109.47421722465718,0.0,0.0,0.0,1.0
0.0,14.95482203936114,32.51803602398062,-104.62634918016818,0.0,0.0,0.0,1.0
0.0,18.62641487342112,35.495622542054676,-104.64937035818535,0.0,0.0,0.0,1.0
0.0,16.47818843288375,36.47687549805709,-102.21399504959332,0.0,0.0,0.0,1.0
0.0,15.213337641328334,37.23934182014454,-100.97409533918207,0.0,0.0,0.0,1.0
0.0,14.565311654922146,37.804219970184974,-100.37171233052008,0.0,0.0,0.0,1.0
0.0,14.248689148068513,38.25637199904414,-100.18056701157555,0.0,0.0,0.0,1.0
0.0,14.13758568176443,38.67586572323569,-100.38841412751934,0.0,0.0,0.0,1.0
0.0,13.568133624582451,26.43830428106461,-104.88251012600074,0.0,0.0,0.0,1.0
0.0,13.94393778470316,31.232514913088636,-103.74844610135523,0.0,0.0,0.0,1.0
0.0,14.394686839820832,34.58037074579208,-103.71344120120645,0.0,0.0,0.0,1.0
0.0,12.891544825194991,39.096793287531895,-109.63780258745125,0.0,0.0,0.0,1.0
0.0,11.878217429661756,41.01225302221028,-111.51757462466661,0.0,0.0,0.0,1.0
0.0,12.107093788193382,28.349798485964996,-113.90021565988586,0.0,0.0,0.0,1.0
0.0,13.777273031799199,33.424607545727056,-111.94638696216059,0.0,0.0,0.0,1.0
0.0,13.108916139839229,29.64236157163224,-110.37629742003918,0.0,0.0,0.0,1.0
0.0,12.78538499682795,35.513284892203615,-112.40590227893603,0.0,0.0,0.0,1.0
0.0,11.810216514800459,30.437361511657034,-108.38997463880288,0.0,0.0,0.0,1.0
0.0,12.953825838402722,35.901377661748526,-110.78490521591073,0.0,0.0,0.0,1.0
0.0,14.95491128668734,30.751042175171285,-103.73069252356392,0.0,0.0,0.0,1.0
0.0,13.177009370929543,27.697923548217243,-104.32417691512188,0.0,0.0,0.0,1.0
0.0,12.295877510888293,31.28028122666635,-101.2203418426531,0.0,0.0,0.0,1.0
0.0,15.244963798869788,28.32818186223746,-99.43009512737835,0.0,0.0,0.0,1.0
0.0,16.771837254140713,25.811724807099026,-95.41477935259019,0.0,0.0,0.0,1.0
0.0,14.23138942392665,20.20253935546571,-99.45257981659286,0.0,0.0,0.0,1.0
0.0,13.548280830940962,15.404913083182002,-105.65299243162305,0.0,0.0,0.0,1.0
0.0,12.771902059999096,25.753246926331112,-111.22988805082899,0.0,0.0,0.0,1.0
0.0,14.494344272643412,22.612814645804296,-112.30704355623274,0.0,0.0,0.0,1.0
0.0,14.611099218689137,19.858775385727814,-112.7981935059257,0.0,0.0,0.0,1.0
0.0,13.651102708328516,27.198473077718052,-108.62367896105543,0.0,0.0,0.0,1.0
0.0,13.445715227639052,32.04418635413267,-106.2166580054814,0.0,0.0,0.0,1.0
0.0,12.239810919696325,33.917753171130826,-102.01803267137836,0.0,0.0,0.0,1.0
0.0,11.464305260833934,36.38233923318823,-105.49249523666147,0.0,0.0,0.0,1.0
0.0,10.972701079036009,36.36172824781845,-100.29346399478828,0.0,0.0,0.0,1.0
0.0,11.901018345018985,38.73357385928824,-102.89502453559913,0.0,0.0,0.0,1.0
0.0,11.264990040355038,37.860905168503415,-98.57205105850373,0.0,0.0,0.0,1.0
0.0,10.844691779063432,37.21447180904394,-95.58160327372688,0.0,0.0,0.0,1.0
0.0,10.574850409016722,36.672152542748,-93.3435218106628,0.0,0.0,0.0,1.0
0.0,10.401623551313183,36.26132433747111,-91.75010716725446,0.0,0.0,0.0,1.0
0.0,10.302174968796157,35.95615398309447,-90.62363801215918,0.0,0.0,0.0,1.0
0.0,10.297618218718123,35.84851657061259,-90.31517142458438,0.0,0.0,0.0,1.0
0.0,10.234558587642356,35.42721948720693,-89.28892759775643,0.0,0.0,0.0,1.0
0.0,10.265273927326556,37.18709660859482,-93.73397241084619,0.0,0.0,0.0,1.0
0.0,10.172179063579053,28.959511927969555,-100.73250754365216,0.0,0.0,0.0,1.0
0.0,19.011183301542697,35.093917812799035,-106.69649370600926,0.0,0.0,0.0,1.0
0.0,15.998146948807499,38.74413189280102,-111.6473839100289,0.0,0.0,0.0,1.0
0.0,14.50465116329549,38.75700927598058,-106.64120581374272,0.0,0.0,0.0,1.0
0.0,21.003839539260714,40.4440694460929,-108.15705643459852,0.0,0.0,0.0,1.0
0.0,20.81735245414237,41.696271676993135,-108.79943555164712,0.0,0.0,0.0,1.0
0.0,16.977040076947134,30.021104481673362,-111.47446211532491,0.0,0.0,0.0,1.0
0.0,18.32847195555139,35.03934302318378,-111.00825505600154,0.0,0.0,0.0,1.0
0.0,15.499608874601487,34.61168030243713,-101.86425211864419,0.0,0.0,0.0,1.0
0.0,13.617251913670817,32.53893994747183,-91.21243061113687,0.0,0.0,0.0,1.0
0.0,17.40351115232205,38.22722448457597,-102.06010662166773,0.0,0.0,0.0,1.0
0.0,14.994368841121602,35.92983027323434,-94.14998381097965,0.0,0.0,0.0,1.0
0.0,13.23498208417914,36.704002288627244,-97.50612433457685,0.0,0.0,0.0,1.0
0.0,12.919808007130463,35.44052382595919,-92.90673036475728,0.0,0.0,0.0,1.0
0.0,11.942810077178498,35.997473186977295,-95.60531843474187,0.0,0.0,0.0,1.0
0.0,11.329260190437537,36.37940989576375,-97.40368343250621,0.0,0.0,0.0,1.0
0.0,11.102968080715652,37.05648944116291,-96.94319467509695,0.0,0.0,0.0,1.0
0.0,11.041121189089457,35.79610017010181,-92.33468034979828,0.0,0.0,0.0,1.0
0.0,11.04828109306879,35.062117067686124,-89.56487791942456,0.0,0.0,0.0,1.0
0.0,10.701712966094938,35.433618637922756,-92.55390601304808,0.0,0.0,0.0,1.0
0.0,10.882166429780515,34.09765062843527,-87.84443652128851,0.0,0.0,0.0,1.0
0.0,10.626973825796062,32.64249305609966,-83.3248718114815,0.0,0.0,0.0,1.0
0.0,10.447261296222097,33.89908039219561,-85.85062465939576,0.0,0.0,0.0,1.0
0.0,10.327230289397576,32.35098452440173,-81.78295024608416,0.0,0.0,0.0,1.0
0.0,10.240900298905746,32.04390148257715,-80.92788013367698,0.0,0.0,0.0,1.0
0.0,14.489143653693311,37.367302712314874,-94.13867126326544,0.0,0.0,0.0,1.0
0.0,12.970621537031512,34.58911756314532,-86.9596949258796,0.0,0.0,0.0,1.0
0.0,13.87380099588301,35.490207874962245,-89.06878385778927,0.0,0.0,0.0,1.0
0.0,12.516028565243923,33.14916496189018,-83.27455610348613,0.0,0.0,0.0,1.0
0.0,17.17285450287229,39.65702840596534,-99.4429173566154,0.0,0.0,0.0,1.0
0.0,14.932438601947142,41.001021270782616,-103.74906794724698,0.0,0.0,0.0,1.0
0.0,13.21281216880882,41.339573045363956,-105.16714108609197,0.0,0.0,0.0,1.0
0.0,13.123481958553077,38.6044334673595,-97.70588266127655,0.0,0.0,0.0,1.0
0.0,12.00778213117383,33.37678360718138,-109.24958124107899,0.0,0.0,0.0,1.0
0.0,25.913294466594117,33.50869737601544,-111.7710716084865,0.0,0.0,0.0,1.0
0.0,20.42274527371094,33.64303967049189,-104.55301059938229,0.0,0.0,0.0,1.0
0.0,18.26317408317651,34.193648297417624,-98.63401052900296,0.0,0.0,0.0,1.0
0.0,16.906076656518298,35.26965828043984,-96.67479750298835,0.0,0.0,0.0,1.0
0.0,14.724583849555295,35.334889612508555,-93.94013732116814,0.0,0.0,0.0,1.0
0.0,14.80147077029613,35.43582506276774,-92.18518984948318,0.0,0.0,0.0,1.0
0.0,14.922944511307348,36.37074540131164,-93.29754929907565,0.0,0.0,0.0,1.0
0.0,15.006281545524367,36.47637445187382,-92.74274074303368,0.0,0.0,0.0,1.0
0.0,15.104366620966742,36.35944475738538,-91.8944707577021,0.0,0.0,0.0,1.0
0.0,13.21107665645597,30.81318110459454,-103.35810445646428,0.0,0.0,0.0,1.0
0.0,14.119948647510665,32.87775459550573,-99.0883533208969,0.0,0.0,0.0,1.0
0.0,23.734104795746774,38.04322930053815,-106.62709695410321,0.0,0.0,0.0,1.0
0.0,21.044661733504178,37.67384462968864,-101.57685784226739,0.0,0.0,0.0,1.0
0.0,17.677189418207632,35.129508207943026,-92.59306535283578,0.0,0.0,0.0,1.0
0.0,14.666169010039386,29.69179974163047,-98.84643538954599,0.0,0.0,0.0,1.0
0.0,24.60761869508834,36.127604475955565,-106.75859004698752,0.0,0.0,0.0,1.0
0.0,21.093790093120294,35.90006932696546,-100.35912566261608,0.0,0.0,0.0,1.0
0.0,18.92723434396006,35.795808832525104,-96.3569076823105,0.0,0.0,0.0,1.0
0.0,17.601460719173062,35.6161585459212,-93.47678582279357,0.0,0.0,0.0,1.0
0.0,14.911365677197288,37.99963888633514,-98.65160799139231,0.0,0.0,0.0,1.0
0.0,15.108017907622079,39.27186528438987,-103.24125115192781,0.0,0.0,0.0,1.0
0.0,15.473064491154695,38.163003191508075,-98.68577287568444,0.0,0.0,0.0,1.0
0.0,15.117597763437283,37.39334047871431,-97.8740401551024,0.0,0.0,0.0,1.0
0.0,13.758481499960947,31.810424003076662,-104.37944787820732,0.0,0.0,0.0,1.0
0.0,27.058816099404247,31.798419079336266,-106.14098135748347,0.0,0.0,0.0,1.0
0.0,35.673436123124134,31.918259165906274,-107.83662046849396,0.0,0.0,0.0,1.0
0.0,25.97247750608412,26.734254681363247,-104.81003187941731,0.0,0.0,0.0,1.0
0.0,20.048528594242974,24.756950913744515,-114.43622255210924,0.0,0.0,0.0,1.0
0.0,16.819219734481784,23.420808886804217,-114.57043439298819,0.0,0.0,0.0,1.0
0.0,14.779288653269386,22.53959813769363,-113.75401966503405,0.0,0.0,0.0,1.0
0.0,13.377849827015243,21.52729581520994,-109.88517984881061,0.0,0.0,0.0,1.0
0.0,15.787890607130677,31.62767902814234,-118.18328437639171,0.0,0.0,0.0,1.0
0.0,13.540590666681002,27.85375099832222,-120.19910630524203,0.0,0.0,0.0,1.0
0.0,29.758899272282978,30.861738851351486,-121.94756753847558,0.0,0.0,0.0,1.0
0.0,25.512859569032756,33.43025048065195,-114.61011473762746,0.0,0.0,0.0,1.0
0.0,22.885057613414062,35.15531826592628,-110.10611409534967,0.0,0.0,0.0,1.0
0.0,21.502674884773832,36.5383417793628,-107.91518724098538,0.0,0.0,0.0,1.0
0.0,20.360831943849035,36.842434708852295,-104.93646023328277,0.0,0.0,0.0,1.0
0.0,17.129790332902385,31.039541145548736,-104.91453347783151,0.0,0.0,0.0,1.0
0.0,15.44743164214458,28.77343324241414,-116.82275615237556,0.0,0.0,0.0,1.0
0.0,14.624653414710215,27.35421659252408,-119.99924845056431,0.0,0.0,0.0,1.0
0.0,30.900863942450087,31.02983212044659,-123.89491198243941,0.0,0.0,0.0,1.0
0.0,24.109979530397844,27.74901790997679,-120.194807851424,0.0,0.0,0.0,1.0
0.0,36.87161898924623,31.174695019818298,-123.67289164467424,0.0,0.0,0.0,1.0
0.0,28.401138803639146,29.40138674928892,-124.10548586697593,0.0,0.0,0.0,1.0
0.0,23.581702112008635,28.12158417059758,-125.40265778820304,0.0,0.0,0.0,1.0
0.0,23.588024757855997,35.313703950644104,-126.45313290318026,0.0,0.0,0.0,1.0
0.0,25.11706419628063,41.524795910210834,-130.09674451433855,0.0,0.0,0.0,1.0
0.0,23.611224880359277,41.95040705696312,-123.31115112561393,0.0,0.0,0.0,1.0
0.0,33.44887241302648,45.00574527353598,-124.96023015263178,0.0,0.0,0.0,1.0
0.0,26.579516608281352,37.642525209612785,-120.21454560134346,0.0,0.0,0.0,1.0
0.0,21.506277529780473,32.1344554416984,-116.59669138510199,0.0,0.0,0.0,1.0
0.0,30.855292341977545,37.022295414183795,-116.34466912101423,0.0,0.0,0.0,1.0
0.0,37.64551406074298,41.29022705445791,-119.13011475276545,0.0,0.0,0.0,1.0
0.0,42.10167543627331,44.06923816639213,-121.01935878276824,0.0,0.0,0.0,1.0
0.0,43.58130303036727,44.17340991946625,-117.89695341318215,0.0,0.0,0.0,1.0
0.0,45.35216362571869,45.364308944288496,-118.84008386762594,0.0,0.0,0.0,1.0
0.0,45.45412589538128,44.625896232879384,-115.52149535216515,0.0,0.0,0.0,1.0
0.0,34.76337442336926,43.05752627165697,-111.75033692384068,0.0,0.0,0.0,1.0
0.0,30.143453768937952,41.86907977987222,-109.42022286224596,0.0,0.0,0.0,1.0
0.0,36.02555704970006,42.59907231052525,-110.04214986622284,0.0,0.0,0.0,1.0
0.0,28.989682833787256,41.94001934936483,-108.67513109382668,0.0,0.0,0.0,1.0
0.0,24.238094516551776,35.09474544640186,-108.79741063815065,0.0,0.0,0.0,1.0
0.0,23.017284753832474,35.95854715128931,-105.38780861646508,0.0,0.0,0.0,1.0
0.0,22.437664638979815,36.89884550489921,-104.20345427585683,0.0,0.0,0.0,1.0
0.0,21.877016667610135,37.21526292825708,-102.70159365518681,0.0,0.0,0.0,1.0
0.0,33.34580303053323,41.20325233889623,-109.67561230343493,0.0,0.0,0.0,1.0
0.0,26.97073873205264,38.76439648351976,-101.46318311806131,0.0,0.0,0.0,1.0
0.0,25.118117712151,38.72550209387159,-101.75370892683962,0.0,0.0,0.0,1.0
0.0,26.809996680700582,43.02674822829731,-112.3489208578761,0.0,0.0,0.0,1.0
0.0,21.88544657314075,42.562574379772855,-109.87755139514061,0.0,0.0,0.0,1.0
0.0,19.06150742666215,38.613626503871544,-98.99901102347998,0.0,0.0,0.0,1.0
0.0,16.59943418574756,34.63188752712861,-88.38015134235314,0.0,0.0,0.0,1.0
0.0,28.642854713586246,32.77688148262701,-93.43217777206844,0.0,0.0,0.0,1.0
0.0,22.969507336077072,31.08794839538114,-85.29285863012879,0.0,0.0,0.0,1.0
0.0,36.46610896630986,33.13794695367516,-100.887992942181,0.0,0.0,0.0,1.0
0.0,42.63365366684849,37.79686521794835,-106.5355516931731,0.0,0.0,0.0,1.0
0.0,49.14117863131058,37.43750365404111,-114.52980937778902,0.0,0.0,0.0,1.0
0.0,35.17548935600333,31.551120458076902,-111.58653299071642,0.0,0.0,0.0,1.0
0.0,27.379257864924085,30.644586587202674,-97.7960194416306,0.0,0.0,0.0,1.0
0.0,39.146775781375474,37.47682881418138,-107.74528346733088,0.0,0.0,0.0,1.0
0.0,30.051316457371648,34.50362574955214,-95.47262797446771,0.0,0.0,0.0,1.0
0.0,40.59555509618163,39.78001557144348,-105.83734571803735,0.0,0.0,0.0,1.0
0.0,47.19927415871571,42.81034396637052,-111.58986553793972,0.0,0.0,0.0,1.0
0.0,36.87664938062845,39.45780631603078,-127.45043081637994,0.0,0.0,0.0,1.0
0.0,29.306235730837187,39.5938884925287,-117.75374439282643,0.0,0.0,0.0,1.0
0.0,24.55822440011635,39.977347901414525,-112.27716638258565,0.0,0.0,0.0,1.0
0.0,35.563444684375355,41.761917663471465,-112.79142407210843,0.0,0.0,0.0,1.0
0.0,42.79319354983513,38.250217893240325,-112.32428686603862,0.0,0.0,0.0,1.0
0.0,47.36611225795631,35.94991279181412,-111.86160385930513,0.0,0.0,0.0,1.0
0.0,49.73798002195312,34.083001570007475,-110.22657843042495,0.0,0.0,0.0,1.0
0.0,44.23481181392099,40.441563443513836,-119.74630888590445,0.0,0.0,0.0,1.0
0.0,34.710237982058786,40.99619969256787,-114.69946315395318,0.0,0.0,0.0,1.0
0.0,43.47108421222218,38.769170277021715,-117.327405050983,0.0,0.0,0.0,1.0
0.0,49.31771291363419,37.45270828427538,-119.40936608942167,0.0,0.0,0.0,1.0
0.0,55.145034511813584,38.112275468045816,-126.15274769446076,0.0,0.0,0.0,1.0
0.0,47.27797157570671,42.490009989316654,-127.47999173791015,0.0,0.0,0.0,1.0
0.0,37.437495232511246,43.94687366709753,-123.74034835856064,0.0,0.0,0.0,1.0
0.0,28.19208886989174,37.3221839165475,-123.61580187145803,0.0,0.0,0.0,1.0
0.0,26.07146137274272,39.32797087630388,-119.11599581400614,0.0,0.0,0.0,1.0
0.0,29.119219881901444,43.666432647975604,-123.98656992098586,0.0,0.0,0.0,1.0
0.0,39.02385285483459,45.4717366221427,-123.86707771789933,0.0,0.0,0.0,1.0
0.0,45.4112544730833,46.620672226529244,-123.78683619141957,0.0,0.0,0.0,1.0
0.0,36.423756707874205,44.24112138252126,-116.49837031169916,0.0,0.0,0.0,1.0
0.0,26.9927867477156,44.0918379665053,-114.23231011257381,0.0,0.0,0.0,1.0
0.0,27.411945219788493,43.868894896650616,-113.48725919041395,0.0,0.0,0.0,1.0
0.0,34.62181743545711,42.20822517746311,-108.44702140331327,0.0,0.0,0.0,1.0
0.0,41.93056839555374,43.87699547979753,-112.24181282093966,0.0,0.0,0.0,1.0
0.0,39.435370305289645,46.391103627115314,-119.00562912903906,0.0,0.0,0.0,1.0
0.0,29.11803095750159,45.679806052492225,-116.32761231727577,0.0,0.0,0.0,1.0
0.0,38.473678173936044,46.06816124286445,-117.20591781544925,0.0,0.0,0.0,1.0
0.0,36.84344594478081,47.24978832675222,-120.75908669341827,0.0,0.0,0.0,1.0
0.0,42.588140716537715,46.39898857292468,-118.3502018871846,0.0,0.0,0.0,1.0
0.0,47.192814476302686,46.493156142622695,-118.4111010505942,0.0,0.0,0.0,1.0
0.0,44.541485462803266,40.80464842538712,-103.73054908116771,0.0,0.0,0.0,1.0
0.0,42.785785264237475,37.082147938544985,-94.11454837575724,0.0,0.0,0.0,1.0
0.0,50.00628670209445,37.03481102659899,-106.99649440056287,0.0,0.0,0.0,1.0
0.0,48.08982767245505,35.76020378686091,-98.95620551942645,0.0,0.0,0.0,1.0
0.0,46.839055865878215,34.86805803345951,-93.60906229615485,0.0,0.0,0.0,1.0
0.0,39.40767593509887,38.63623340755797,-102.003935775165,0.0,0.0,0.0,1.0
0.0,38.87190852182167,48.178175100326975,-126.22627375500211,0.0,0.0,0.0,1.0
0.0,29.52818719786705,49.09581187076236,-126.57592400316246,0.0,0.0,0.0,1.0
0.0,23.218467548095678,46.77040503282138,-119.45878523862811,0.0,0.0,0.0,1.0
0.0,28.51024784408379,48.79863826235431,-124.91774561275498,0.0,0.0,0.0,1.0
0.0,40.31771457156957,48.63094073966391,-124.06165321586562,0.0,0.0,0.0,1.0
0.0,40.70505830913205,53.796317859517316,-138.94150753750432,0.0,0.0,0.0,1.0
0.0,30.225475021672953,43.2217562273425,-110.93075566662904,0.0,0.0,0.0,1.0
0.0,36.04299163622986,39.947366291243554,-102.0572824763723,0.0,0.0,0.0,1.0
0.0,27.608409590780774,34.70983889524257,-88.20030981380464,0.0,0.0,0.0,1.0
0.0,22.176204109182947,31.887073715070738,-80.65489585107643,0.0,0.0,0.0,1.0
0.0,18.5069724803313,30.004820148413692,-75.63560614693397,0.0,0.0,0.0,1.0
0.0,18.882854670148866,32.00347858278766,-80.4383955244863,0.0,0.0,0.0,1.0
0.0,19.205603801169563,33.41273938209735,-83.83743486015285,0.0,0.0,0.0,1.0
0.0,19.07496587742886,32.91191321225983,-82.50246526142735,0.0,0.0,0.0,1.0
0.0,29.13427435359573,33.395866762435396,-83.9628506699128,0.0,0.0,0.0,1.0
0.0,40.8571181557007,34.0816904155253,-98.38466512302904,0.0,0.0,0.0,1.0
0.0,43.5485884331688,34.36550477146918,-94.70837912460802,0.0,0.0,0.0,1.0
0.0,46.535502549800505,35.28358539880204,-94.19317836587528,0.0,0.0,0.0,1.0
0.0,36.44185510654785,31.96619233254047,-100.40440985775189,0.0,0.0,0.0,1.0
0.0,41.464361414398155,33.234789655462926,-96.57786432882882,0.0,0.0,0.0,1.0
0.0,44.306130150361994,33.63416301155545,-93.0451245757518,0.0,0.0,0.0,1.0
0.0,45.69011488928423,33.91831242223447,-90.8774768660325,0.0,0.0,0.0,1.0
0.0,48.197365842881766,35.042168947064155,-91.84981265335175,0.0,0.0,0.0,1.0
0.0,48.33535327662582,34.86150315008137,-90.2104943070181,0.0,0.0,0.0,1.0
0.0,49.71303901697051,35.489330028293494,-91.0224028253697,0.0,0.0,0.0,1.0
0.0,49.187800116265194,35.03038033162093,-89.38112036876484,0.0,0.0,0.0,1.0
0.0,51.08200052677041,36.26566466535276,-92.20983979986067,0.0,0.0,0.0,1.0
0.0,52.35044322575209,37.06571548427732,-94.02732907252829,0.0,0.0,0.0,1.0
0.0,54.621924258241485,38.77542843777078,-98.2520737234422,0.0,0.0,0.0,1.0
0.0,42.11846123205227,35.51070979743795,-107.77981171952081,0.0,0.0,0.0,1.0
0.0,33.808933834238815,35.59264752909971,-123.56590185672272,0.0,0.0,0.0,1.0
0.0,42.67063540340745,37.70631815798446,-116.912773906041,0.0,0.0,0.0,1.0
0.0,49.22087534289204,34.86071917096335,-126.16471230051178,0.0,0.0,0.0,1.0
0.0,38.54861489410593,32.52607608972983,-123.53835204655961,0.0,0.0,0.0,1.0
0.0,45.790038543503854,35.709706869383396,-116.82256529343097,0.0,0.0,0.0,1.0
0.0,37.44425654899928,34.13441722412798,-121.96542676722467,0.0,0.0,0.0,1.0
0.0,44.18333906695783,36.130518183663085,-114.28308386781444,0.0,0.0,0.0,1.0
0.0,51.00133332248351,39.256370840433895,-114.02355536349391,0.0,0.0,0.0,1.0
0.0,47.984007870230286,44.11245681899614,-121.57161291355118,0.0,0.0,0.0,1.0
0.0,38.76190759801639,38.939040583417516,-122.5161962863051,0.0,0.0,0.0,1.0
0.0,58.51288042450515,45.82189264921858,-131.04626178596828,0.0,0.0,0.0,1.0
0.0,58.81735143303028,44.51970972809616,-122.37882254751462,0.0,0.0,0.0,1.0
0.0,59.53023045873395,40.72313689874677,-121.48459070154885,0.0,0.0,0.0,1.0
0.0,60.96644105555654,43.67829343785133,-122.48270671622028,0.0,0.0,0.0,1.0
0.0,60.766079385424284,40.07682553895744,-121.17545283376555,0.0,0.0,0.0,1.0
0.0,60.14336396844498,37.50772986493289,-119.42517330878407,0.0,0.0,0.0,1.0
0.0,59.60749394361597,35.79341055158459,-118.12433444061199,0.0,0.0,0.0,1.0
0.0,58.56294249261103,37.09069680823986,-111.55361653582105,0.0,0.0,0.0,1.0
0.0,58.766779022756,39.72465237902773,-111.9542682021426,0.0,0.0,0.0,1.0
0.0,60.719998569888794,43.18290117757509,-116.77783312218585,0.0,0.0,0.0,1.0
0.0,48.40365791048115,35.74052522428329,-113.17093458236704,0.0,0.0,0.0,1.0
0.0,46.752428924658936,41.72308720504634,-120.54776618704884,0.0,0.0,0.0,1.0
0.0,46.11733290061994,45.9315943026813,-126.24674223151406,0.0,0.0,0.0,1.0
0.0,59.337045142333395,45.75418014936797,-138.58227024480334,0.0,0.0,0.0,1.0
0.0,49.744331434775305,40.454567626734146,-141.38395813354649,0.0,0.0,0.0,1.0
0.0,50.119588319104395,35.63987463245196,-137.14744480688404,0.0,0.0,0.0,1.0
0.0,57.214961916746205,40.98012875712284,-133.90068723473365,0.0,0.0,0.0,1.0
0.0,52.40596392086689,44.81204737339863,-133.15324972733634,0.0,0.0,0.0,1.0
0.0,44.89126620275547,37.994811046651336,-128.97530981864367,0.0,0.0,0.0,1.0
0.0,44.584776401416406,42.896242330052765,-129.9924260531832,0.0,0.0,0.0,1.0
0.0,47.029110977967456,50.75679640471327,-143.84249889076344,0.0,0.0,0.0,1.0
0.0,62.02544147335729,48.55807434252951,-148.8763722313526,0.0,0.0,0.0,1.0
0.0,64.17086742403325,44.254485820341266,-141.87097272204184,0.0,0.0,0.0,1.0
0.0,53.94082703252213,45.74590999697006,-135.2693702614817,0.0,0.0,0.0,1.0
0.0,52.90938115057164,39.16235060252727,-133.91521128724432,0.0,0.0,0.0,1.0
0.0,55.60611379090275,36.916972223043345,-127.69634540448571,0.0,0.0,0.0,1.0
0.0,57.27499110949856,35.42565512232668,-123.52698541657202,0.0,0.0,0.0,1.0
0.0,47.79680565712556,40.28546480194842,-123.99979498025442,0.0,0.0,0.0,1.0
0.0,38.592824503938466,36.94864928226622,-124.59252545942769,0.0,0.0,0.0,1.0
0.0,43.68829307372883,33.6833775581402,-115.33610803806675,0.0,0.0,0.0,1.0
0.0,38.73422965283617,38.539302305731354,-117.06155169220614,0.0,0.0,0.0,1.0
0.0,48.88361263707621,37.94802567653024,-122.01225352055702,0.0,0.0,0.0,1.0
0.0,56.28733743747222,38.13306893435952,-127.1921206780597,0.0,0.0,0.0,1.0
0.0,59.9231726009569,40.920281960267204,-123.28632435471917,0.0,0.0,0.0,1.0
0.0,49.10814367084361,42.84012603466895,-121.23055936965886,0.0,0.0,0.0,1.0
0.0,56.414137402573076,41.23800043953101,-126.5679388335195,0.0,0.0,0.0,1.0
0.0,44.74799533534988,38.49496950673257,-129.74253224572865,0.0,0.0,0.0,1.0
0.0,43.84563966683992,41.65871571945419,-127.27871408915962,0.0,0.0,0.0,1.0
0.0,41.95798344543765,44.492470856192384,-126.82838534469123,0.0,0.0,0.0,1.0
0.0,41.59985890648856,44.56591337107485,-122.96390517057458,0.0,0.0,0.0,1.0
0.0,41.328515726421784,47.13211266904822,-126.02710902435717,0.0,0.0,0.0,1.0
0.0,34.79856961909165,41.44895132034418,-126.02043864206918,0.0,0.0,0.0,1.0
0.0,48.79232177494842,44.698807238049675,-126.758101540311,0.0,0.0,0.0,1.0
0.0,44.56333361310707,50.200668649047145,-135.96944485212376,0.0,0.0,0.0,1.0
0.0,51.99199627556498,47.92475327991045,-127.04526656714805,0.0,0.0,0.0,1.0
0.0,47.47777360533719,48.57171186999416,-126.78356805757525,0.0,0.0,0.0,1.0
0.0,41.80339487923574,48.1330125446251,-124.40629277458748,0.0,0.0,0.0,1.0
0.0,43.908086513949186,49.60858534222287,-127.40657550716645,0.0,0.0,0.0,1.0
0.0,48.87200069095178,43.22339141128627,-136.56814955598975,0.0,0.0,0.0,1.0
0.0,42.77651104728616,44.679242287324286,-130.59048390318964,0.0,0.0,0.0,1.0
0.0,36.2565647542356,40.75329389524354,-133.07730735503603,0.0,0.0,0.0,1.0
0.0,39.8827553115542,44.600880535017566,-133.20265906334052,0.0,0.0,0.0,1.0
0.0,34.04772611878587,41.40570996036283,-134.09485128202346,0.0,0.0,0.0,1.0
0.0,30.42099915948988,38.12866810121462,-132.38478089807856,0.0,0.0,0.0,1.0
0.0,29.455583018233213,37.75545811980433,-137.9075137087793,0.0,0.0,0.0,1.0
0.0,28.316172215039103,39.80438386015817,-149.89202549094648,0.0,0.0,0.0,1.0
0.0,38.59772744280247,36.17775848957367,-134.04403109766668,0.0,0.0,0.0,1.0
0.0,39.77162133892103,39.388100631513986,-127.84406464281201,0.0,0.0,0.0,1.0
0.0,51.698110122234425,42.21797346062204,-124.99186844708005,0.0,0.0,0.0,1.0
0.0,58.260606406562765,43.22264863145081,-121.08529880201692,0.0,0.0,0.0,1.0
0.0,59.23518887262566,39.29482539548429,-118.92611303574266,0.0,0.0,0.0,1.0
0.0,51.322361545447535,38.72966106878741,-137.48298672062106,0.0,0.0,0.0,1.0
0.0,48.00208617060856,41.396386236035184,-130.16592652497198,0.0,0.0,0.0,1.0
0.0,55.59425949169422,42.396193392622216,-123.64751224151424,0.0,0.0,0.0,1.0
0.0,64.94024977592247,41.32894221767705,-129.8840714260651,0.0,0.0,0.0,1.0
0.0,51.644385709785965,39.48189721020025,-134.77059981211582,0.0,0.0,0.0,1.0
0.0,54.224444016895106,36.60776811166954,-126.68683721750456,0.0,0.0,0.0,1.0
0.0,58.2599904299513,36.30628506951974,-126.97229620541485,0.0,0.0,0.0,1.0
0.0,62.50403628147997,39.25435476489277,-121.93298610771262,0.0,0.0,0.0,1.0
0.0,65.48349967487889,41.28001385504309,-119.03815097132436,0.0,0.0,0.0,1.0
0.0,57.32287415290901,43.04858815042464,-118.32909280096358,0.0,0.0,0.0,1.0
0.0,51.04246842133876,48.82649566030753,-129.5082111168423,0.0,0.0,0.0,1.0
0.0,47.77357830328588,47.11407048354368,-123.88230030714631,0.0,0.0,0.0,1.0
0.0,54.34517861432852,43.13041827177061,-125.49440492293516,0.0,0.0,0.0,1.0
0.0,50.50867109196283,44.21404773743354,-123.27865204602976,0.0,0.0,0.0,1.0
0.0,42.88251813671696,42.62671677454007,-132.04608960091912,0.0,0.0,0.0,1.0
0.0,38.060490048257456,36.26945519907891,-125.22405687061656,0.0,0.0,0.0,1.0
0.0,42.891835032063504,42.416422910684126,-128.88749799501375,0.0,0.0,0.0,1.0
0.0,50.89526516918874,38.387737233692945,-136.45903083200443,0.0,0.0,0.0,1.0
0.0,61.423428668114205,44.74274744245192,-138.644749217698,0.0,0.0,0.0,1.0
0.0,49.71599364882884,42.93016263075947,-141.48513007275545,0.0,0.0,0.0,1.0
0.0,45.01555381933764,43.61690923009301,-131.41533172877413,0.0,0.0,0.0,1.0
0.0,53.437711286811606,44.69723443401954,-126.7288877658074,0.0,0.0,0.0,1.0
0.0,47.647391622145044,42.61436310024172,-143.54678888645435,0.0,0.0,0.0,1.0
0.0,41.675988134776766,41.95260551123229,-150.0259881197183,0.0,0.0,0.0,1.0
0.0,45.373806586194604,46.08151416321671,-144.80394963601572,0.0,0.0,0.0,1.0
0.0,42.39954447401018,45.766331277414814,-133.88556890724436,0.0,0.0,0.0,1.0
0.0,43.37898210690812,50.340341502244364,-138.9344614946793,0.0,0.0,0.0,1.0
0.0,42.388368697016624,47.427074850097256,-128.2114663112417,0.0,0.0,0.0,1.0
0.0,41.29033555776122,45.17930311648291,-120.33515238985694,0.0,0.0,0.0,1.0
0.0,51.342930283963966,45.793994681021374,-119.8971750554827,0.0,0.0,0.0,1.0
0.0,41.45242857743088,41.966596927388125,-125.84497377674418,0.0,0.0,0.0,1.0
0.0,53.64123255580426,45.66288677793324,-128.3368047169263,0.0,0.0,0.0,1.0
0.0,43.16094591994752,41.62489328421714,-130.50232727547487,0.0,0.0,0.0,1.0
0.0,36.28784702297776,39.43683146306828,-133.14615236570845,0.0,0.0,0.0,1.0
0.0,41.65650160571296,44.04647734697725,-132.90623996776802,0.0,0.0,0.0,1.0
0.0,40.24204940742905,44.46855692974187,-126.25184636426887,0.0,0.0,0.0,1.0
0.0,44.28304570044713,47.32136372128931,-128.59791212015003,0.0,0.0,0.0,1.0
0.0,52.451122596939896,43.423415994588886,-129.27644539308343,0.0,0.0,0.0,1.0
0.0,42.95303371017127,34.97937816544968,-115.48439879943949,0.0,0.0,0.0,1.0
0.0,37.75838967951953,32.12330783897589,-117.14913503016406,0.0,0.0,0.0,1.0
0.0,35.28012541841818,36.02150402519851,-134.90370390818242,0.0,0.0,0.0,1.0
0.0,38.12972131200371,41.097198949160436,-132.03018438358072,0.0,0.0,0.0,1.0
0.0,47.772333979862175,39.083708140635856,-130.27244755129632,0.0,0.0,0.0,1.0
0.0,45.70554986057953,42.518134595607314,-127.62047259276243,0.0,0.0,0.0,1.0
0.0,44.44758960143965,44.8013884065851,-126.11862411125611,0.0,0.0,0.0,1.0
0.0,38.96694545049128,43.639198095220834,-138.36176489025559,0.0,0.0,0.0,1.0
0.0,40.578176815413826,36.85804343785197,-132.45084295127998,0.0,0.0,0.0,1.0
0.0,44.745447155503264,42.45499531242415,-132.5760712565871,0.0,0.0,0.0,1.0
0.0,36.67947779987203,37.36127721478466,-128.43442734894023,0.0,0.0,0.0,1.0
0.0,46.17718131566774,36.39571071358258,-126.9239628293916,0.0,0.0,0.0,1.0
0.0,48.372045843834506,42.13001720317917,-128.9131969316729,0.0,0.0,0.0,1.0
0.0,42.143852960127084,38.4742032347189,-133.14780418164852,0.0,0.0,0.0,1.0
0.0,42.080896154089444,43.99345821222878,-134.06404854553293,0.0,0.0,0.0,1.0
0.0,45.813598003072656,47.005814149319235,-133.4952928931593,0.0,0.0,0.0,1.0
0.0,37.99783625168879,43.107609323424306,-135.37564854318418,0.0,0.0,0.0,1.0
0.0,32.80888562295126,40.22398065370717,-135.21841664068106,0.0,0.0,0.0,1.0
0.0,31.402681866746022,40.59303869255279,-143.6200245104115,0.0,0.0,0.0,1.0
0.0,35.86496369631652,43.78381637453818,-136.8943507245552,0.0,0.0,0.0,1.0
0.0,34.54025686374575,39.979834514162384,-140.0578048102617,0.0,0.0,0.0,1.0
0.0,39.54558277716543,34.427283742283144,-131.38922965287367,0.0,0.0,0.0,1.0
0.0,42.80364665911562,43.55030517411963,-138.335304521394,0.0,0.0,0.0,1.0
0.0,46.54108824957359,46.72142404155765,-136.23633908441488,0.0,0.0,0.0,1.0
0.0,39.266285859866464,43.59364717736171,-139.59105637489668,0.0,0.0,0.0,1.0
0.0,38.710901369965676,36.98134731245229,-131.4673373681945,0.0,0.0,0.0,1.0
0.0,37.09391132015474,36.568380940338955,-140.7208179289803,0.0,0.0,0.0,1.0
0.0,47.53739373303458,36.343070781658355,-136.6895625714986,0.0,0.0,0.0,1.0
0.0,50.742380566731846,33.99050287292335,-126.27712691948847,0.0,0.0,0.0,1.0
0.0,52.73360927199497,32.43870700124052,-119.44302555186097,0.0,0.0,0.0,1.0
0.0,43.92653305749917,35.00895659791434,-131.00270319281773,0.0,0.0,0.0,1.0
0.0,62.21599241123544,43.319761941914685,-137.2363561547377,0.0,0.0,0.0,1.0
0.0,60.51249209616544,38.683094556487205,-127.4064116884924,0.0,0.0,0.0,1.0
0.0,48.19088203093307,38.23066947721911,-130.02401118440406,0.0,0.0,0.0,1.0
0.0,55.71539878641657,38.15561674960005,-132.5115844658716,0.0,0.0,0.0,1.0
0.0,42.58720488455765,33.058578849473925,-121.60347480299419,0.0,0.0,0.0,1.0
0.0,39.05253588293457,33.59494979453728,-131.8202720644462,0.0,0.0,0.0,1.0
0.0,35.1320563179678,35.74576264333534,-138.5431636938149,0.0,0.0,0.0,1.0
0.0,39.59138387250281,39.64915783151927,-131.11284336934946,0.0,0.0,0.0,1.0
0.0,34.018138078695415,38.19304257016568,-133.034052999995,0.0,0.0,0.0,1.0
0.0,30.987205881334383,36.22615289631756,-134.91682863148776,0.0,0.0,0.0,1.0
0.0,29.83718595684355,36.08673969357132,-140.5351247629655,0.0,0.0,0.0,1.0
0.0,27.788592265807146,34.02356146436004,-136.38571071923153,0.0,0.0,0.0,1.0
0.0,37.970438628494676,40.89257941459185,-135.68283556660697,0.0,0.0,0.0,1.0
0.0,37.009631785694296,38.71364201514817,-141.4709682517728,0.0,0.0,0.0,1.0
0.0,32.6793702775568,35.84672897041569,-137.644175495663,0.0,0.0,0.0,1.0
0.0,38.26748786363977,39.729583250907325,-130.5359244980727,0.0,0.0,0.0,1.0
0.0,33.36027082606515,38.56610054657176,-135.32462891522553,0.0,0.0,0.0,1.0
0.0,44.40806809753954,36.84287596207052,-130.76031044071829,0.0,0.0,0.0,1.0
0.0,35.75177603319921,33.35751968486747,-124.7990596682064,0.0,0.0,0.0,1.0
0.0,43.38997469265843,40.512428757669646,-128.36665355949137,0.0,0.0,0.0,1.0
0.0,42.481618445204056,35.10495666242496,-124.91693179384242,0.0,0.0,0.0,1.0
0.0,51.42187443452092,35.45052232282117,-127.05951114784104,0.0,0.0,0.0,1.0
0.0,49.418653884913866,38.18298591938543,-121.2808054116123,0.0,0.0,0.0,1.0
0.0,52.63450893107592,35.4205874337122,-117.60938183959948,0.0,0.0,0.0,1.0
0.0,51.16920740587909,39.339334253275624,-118.18234868130617,0.0,0.0,0.0,1.0
0.0,56.2946700783384,37.82447366903448,-121.5220291184971,0.0,0.0,0.0,1.0
0.0,56.76341809040468,43.34962247246596,-126.14418040990788,0.0,0.0,0.0,1.0
0.0,59.94825777524999,40.42757467479605,-126.7387077483193,0.0,0.0,0.0,1.0
0.0,46.43242721234525,31.913657134355166,-108.2865012967406,0.0,0.0,0.0,1.0
0.0,39.56179211180409,34.496131000682006,-122.27114209155349,0.0,0.0,0.0,1.0
0.0,33.625620973193946,35.91954348834141,-129.3015031984684,0.0,0.0,0.0,1.0
0.0,39.8146783140478,34.46693396137609,-136.35101385774757,0.0,0.0,0.0,1.0
0.0,36.40870602528747,29.56596111822307,-121.61093551945822,0.0,0.0,0.0,1.0
0.0,30.939515634007655,29.44602705458626,-121.50976486457043,0.0,0.0,0.0,1.0
0.0,30.375106600429174,28.85410975719676,-121.37560044359937,0.0,0.0,0.0,1.0
0.0,29.191458028944798,32.36631210710708,-130.26357461132343,0.0,0.0,0.0,1.0
0.0,30.72834598463983,33.262675558050965,-137.2598910630607,0.0,0.0,0.0,1.0
0.0,44.22783869365138,33.730465692426485,-133.48653842846682,0.0,0.0,0.0,1.0
0.0,35.55284903629563,31.335015814306914,-125.78607822231426,0.0,0.0,0.0,1.0
0.0,50.861402266240866,35.35253771782046,-136.11597416090646,0.0,0.0,0.0,1.0
0.0,51.01274225061521,39.30043988488509,-130.15262156030008,0.0,0.0,0.0,1.0
0.0,52.60689508770942,35.18225073195857,-131.3396161142591,0.0,0.0,0.0,1.0
0.0,42.08617786230657,34.852594839502274,-131.56375041422854,0.0,0.0,0.0,1.0
0.0,34.53274168144935,33.09663170386229,-128.59414996910184,0.0,0.0,0.0,1.0
0.0,38.2884435058044,32.37323705705954,-133.69207605529533,0.0,0.0,0.0,1.0
0.0,54.0951028775263,39.03215889726615,-132.45330657790265,0.0,0.0,0.0,1.0
0.0,43.75320845415392,32.01255338874743,-116.28658800560898,0.0,0.0,0.0,1.0
0.0,48.95626070544425,39.713918720367936,-123.94407786519263,0.0,0.0,0.0,1.0
0.0,50.831738488152965,44.85540663494405,-128.27932546110927,0.0,0.0,0.0,1.0
0.0,41.58337772941454,40.744774213483154,-131.80845109099064,0.0,0.0,0.0,1.0
0.0,44.722594093333264,42.433433756201985,-126.42495870386615,0.0,0.0,0.0,1.0
0.0,52.67882004642698,40.37736720426507,-129.00048304707195,0.0,0.0,0.0,1.0
0.0,53.560232674814095,45.43849735799271,-131.89723489677155,0.0,0.0,0.0,1.0
0.0,42.55217692881521,35.978590932972345,-114.77613694391968,0.0,0.0,0.0,1.0
0.0,35.5150742098296,29.936067151826176,-103.88911717299727,0.0,0.0,0.0,1.0
0.0,39.295649439785784,31.97697905938291,-124.02027639980648,0.0,0.0,0.0,1.0
0.0,42.60555770100258,30.23646858533956,-126.14064002154697,0.0,0.0,0.0,1.0
0.0,42.51303973056072,31.221216125925263,-133.60065317760785,0.0,0.0,0.0,1.0
0.0,45.58108562413049,36.20223691404425,-127.30758507197665,0.0,0.0,0.0,1.0
0.0,52.85737380724111,34.55482747186187,-136.92948865084253,0.0,0.0,0.0,1.0
0.0,55.67175081588163,42.25748277851487,-139.36624185724023,0.0,0.0,0.0,1.0
0.0,56.92708522334378,45.751237326545784,-136.43266055778906,0.0,0.0,0.0,1.0
0.0,44.67251493846113,36.1911922380501,-117.64082848070963,0.0,0.0,0.0,1.0
0.0,46.96640415566506,39.35729909742997,-116.97707658135809,0.0,0.0,0.0,1.0
0.0,48.627395625642315,41.56251071642187,-116.99696984431654,0.0,0.0,0.0,1.0
0.0,49.78621699743183,43.27743758556317,-116.90424212112944,0.0,0.0,0.0,1.0
0.0,39.500418590318176,34.22223567445109,-103.47506405871658,0.0,0.0,0.0,1.0
0.0,43.68253828241285,31.84907297066242,-113.27962116611882,0.0,0.0,0.0,1.0
0.0,52.710198605537826,41.48541657697256,-125.82919655687942,0.0,0.0,0.0,1.0
0.0,51.73895167538776,36.79830554671222,-129.33252399662223,0.0,0.0,0.0,1.0
0.0,52.01876379158948,40.276130938118214,-125.0009335822588,0.0,0.0,0.0,1.0
0.0,51.769528041317564,35.82910257540264,-127.54402386799862,0.0,0.0,0.0,1.0
0.0,52.84517894874512,40.500583029671915,-125.94586400244913,0.0,0.0,0.0,1.0
0.0,42.06290292514704,32.98467564533883,-111.4294714062206,0.0,0.0,0.0,1.0
0.0,36.181317478747644,28.704603398725514,-104.89660175894628,0.0,0.0,0.0,1.0
0.0,33.869978341382634,30.66714142264763,-117.99044625085736,0.0,0.0,0.0,1.0
0.0,40.72260779071138,36.341502771319526,-117.7222410427216,0.0,0.0,0.0,1.0
0.0,34.879006238599814,36.80796765023925,-129.21342194113447,0.0,0.0,0.0,1.0
0.0,33.691035117679085,32.38706001345167,-122.13918127876339,0.0,0.0,0.0,1.0
0.0,40.73456629881571,37.48126733362466,-120.47546662600551,0.0,0.0,0.0,1.0
0.0,34.84336247948562,34.800777239006074,-121.3144244294361,0.0,0.0,0.0,1.0
0.0,41.520834295798565,39.030252092502316,-119.94618516094306,0.0,0.0,0.0,1.0
0.0,40.90512532523658,32.228708842466716,-111.81663726435991,0.0,0.0,0.0,1.0
0.0,45.47328556434601,37.379646668283556,-113.85105214121342,0.0,0.0,0.0,1.0
0.0,38.4866581043158,34.283829907875806,-116.22835593157657,0.0,0.0,0.0,1.0
0.0,43.9836133786709,38.69850505578001,-116.68223920141475,0.0,0.0,0.0,1.0
0.0,35.928643872938956,35.31299097977471,-117.10680852607584,0.0,0.0,0.0,1.0
0.0,41.27649282222635,32.69849047695554,-122.81985508513634,0.0,0.0,0.0,1.0
0.0,48.9553958256518,39.91994835799214,-126.60098982570379,0.0,0.0,0.0,1.0
0.0,53.918667982314126,44.554264290353835,-129.02750442418022,0.0,0.0,0.0,1.0
0.0,45.93343868447494,37.59662493299119,-122.95355610034323,0.0,0.0,0.0,1.0
0.0,45.52039343998896,33.46664220512397,-123.1044971089635,0.0,0.0,0.0,1.0
0.0,48.700132540525615,38.17408103323773,-121.09495075308253,0.0,0.0,0.0,1.0
0.0,56.67699468463267,45.430202343549944,-130.55622052610892,0.0,0.0,0.0,1.0
0.0,55.78789346706419,45.418474514898584,-125.70495775334373,0.0,0.0,0.0,1.0
0.0,51.84646527752964,38.4705224295815,-124.71852104227128,0.0,0.0,0.0,1.0
0.0,48.20479183190391,33.46488337005492,-121.53827955282102,0.0,0.0,0.0,1.0
0.0,47.52416311810019,30.626494560477052,-121.60929690204897,0.0,0.0,0.0,1.0
0.0,52.06376188259875,37.694439544374774,-123.58492189088508,0.0,0.0,0.0,1.0
0.0,59.496601253120474,46.788578320209915,-137.42000632924348,0.0,0.0,0.0,1.0
0.0,46.432458025389174,37.93286862809144,-121.99341461619933,0.0,0.0,0.0,1.0
0.0,37.88576374485543,31.453095948535754,-109.17637055527804,0.0,0.0,0.0,1.0
0.0,32.394130845079026,27.392524972091994,-101.30050036363944,0.0,0.0,0.0,1.0
0.0,44.40097595811537,36.954991084408334,-113.99321408447489,0.0,0.0,0.0,1.0
0.0,51.34855447951196,36.060263491827904,-118.81267921817954,0.0,0.0,0.0,1.0
0.0,42.021623500856094,29.57337088701407,-105.19100140734054,0.0,0.0,0.0,1.0
0.0,38.674332334129694,29.190335950899904,-112.12040335545211,0.0,0.0,0.0,1.0
0.0,35.81734570965807,27.86200743351018,-112.16317348876666,0.0,0.0,0.0,1.0
0.0,40.859786167437605,29.799814951544768,-127.04038591262155,0.0,0.0,0.0,1.0
0.0,33.608267035388735,27.357348482412363,-115.6493327790214,0.0,0.0,0.0,1.0
0.0,29.94484065644794,27.886183748449987,-116.06328584112859,0.0,0.0,0.0,1.0
0.0,26.251118522435732,27.304918857681123,-112.0915628429618,0.0,0.0,0.0,1.0
0.0,25.674999251505202,27.876126644565865,-114.16077672214308,0.0,0.0,0.0,1.0
0.0,25.514760932353518,29.769851287175292,-120.7840464069108,0.0,0.0,0.0,1.0
0.0,23.461880020414327,26.225802908309532,-107.4380229257122,0.0,0.0,0.0,1.0
0.0,22.948635117444482,26.874766584414807,-109.30512937029205,0.0,0.0,0.0,1.0
0.0,22.838310321143002,24.759459881860487,-102.14023624641327,0.0,0.0,0.0,1.0
0.0,37.494411214923424,34.3813029639224,-112.29743217237356,0.0,0.0,0.0,1.0
0.0,44.18108812985532,38.437238748173904,-114.2089289821363,0.0,0.0,0.0,1.0
0.0,36.254173108724544,33.054634142005376,-108.32308417743168,0.0,0.0,0.0,1.0
0.0,31.40951722213484,28.718802533769978,-101.68512480566744,0.0,0.0,0.0,1.0
0.0,43.18006030735326,36.966689842461506,-112.11788984943172,0.0,0.0,0.0,1.0
0.0,36.03228504156151,29.86936488446141,-99.3351850930776,0.0,0.0,0.0,1.0
0.0,31.392025026367946,29.344566646112835,-104.78650548269822,0.0,0.0,0.0,1.0
0.0,28.026723328017102,26.215458019047457,-98.84067277144534,0.0,0.0,0.0,1.0
0.0,32.24115866133274,25.627816794692972,-104.771925979926,0.0,0.0,0.0,1.0
0.0,28.48503720818469,23.692387369863283,-98.09465164952721,0.0,0.0,0.0,1.0
0.0,27.144453472980615,24.173421938997006,-100.61298002330325,0.0,0.0,0.0,1.0
0.0,31.099808801375307,24.476968765742832,-106.04562551423561,0.0,0.0,0.0,1.0
0.0,32.832929955158754,26.480399442465767,-114.96643398035809,0.0,0.0,0.0,1.0
0.0,28.890075120534107,24.29590059023884,-104.82800832255262,0.0,0.0,0.0,1.0
0.0,32.41030856883102,24.628201690134333,-108.837362385825,0.0,0.0,0.0,1.0
0.0,29.219992903256646,22.978340615454933,-101.03415609271342,0.0,0.0,0.0,1.0
0.0,27.445919535719874,23.353041191624126,-101.11977155763284,0.0,0.0,0.0,1.0
0.0,26.177706723491205,23.341443769638595,-100.27791018363666,0.0,0.0,0.0,1.0
0.0,25.701486745243507,23.979393098231927,-102.17443455961609,0.0,0.0,0.0,1.0
0.0,25.042131197913275,23.683656692746872,-100.64667740343786,0.0,0.0,0.0,1.0
0.0,44.78579421474453,25.230189737694506,-117.02822166918097,0.0,0.0,0.0,1.0
0.0,36.47393579078918,22.28529766966104,-101.92159862320274,0.0,0.0,0.0,1.0
0.0,37.60366322633653,22.266687725448374,-103.77711988592662,0.0,0.0,0.0,1.0
0.0,31.379351553102566,20.215335288630705,-92.36277674816279,0.0,0.0,0.0,1.0
0.0,28.52447124835318,21.006645340497315,-93.35125696270752,0.0,0.0,0.0,1.0
0.0,25.706748033717766,21.039468631007605,-91.35315603515677,0.0,0.0,0.0,1.0
0.0,23.66854377730203,21.018686392923776,-89.7052422906653,0.0,0.0,0.0,1.0
0.0,24.348912613832898,22.44545750503591,-95.35447499116698,0.0,0.0,0.0,1.0
0.0,27.765229379374777,21.58272666386165,-95.40663190332268,0.0,0.0,0.0,1.0
0.0,40.736265076650696,26.305125093787225,-107.76952715812357,0.0,0.0,0.0,1.0
0.0,35.35869370272593,26.4515326065758,-108.97557532550614,0.0,0.0,0.0,1.0
0.0,31.423009566818102,25.099641073939704,-104.45248766510673,0.0,0.0,0.0,1.0
0.0,28.629476370628126,24.40312917391331,-102.00143900058939,0.0,0.0,0.0,1.0
0.0,45.60621560043083,36.22791598653036,-117.55242239990383,0.0,0.0,0.0,1.0
0.0,36.507402860195384,30.911036763029752,-107.09487909190702,0.0,0.0,0.0,1.0
0.0,31.075313196632838,28.1606660452623,-102.88250109658752,0.0,0.0,0.0,1.0
0.0,27.293847069117476,24.231791500962643,-92.61355074946206,0.0,0.0,0.0,1.0
0.0,26.96067101536589,25.45007318072575,-100.33482847624452,0.0,0.0,0.0,1.0
0.0,29.95589946561577,25.029337762924513,-103.88744141255327,0.0,0.0,0.0,1.0
0.0,39.3151986050676,22.61328841749411,-103.10035091723292,0.0,0.0,0.0,1.0
0.0,32.58069173002316,20.780243849270676,-93.09228725688459,0.0,0.0,0.0,1.0
0.0,35.20437861294663,21.640488955419553,-99.5341666127034,0.0,0.0,0.0,1.0
0.0,29.822787537461366,19.9983662911368,-90.16854906205438,0.0,0.0,0.0,1.0
0.0,26.08267304295306,20.3480502697884,-88.65174440068733,0.0,0.0,0.0,1.0
0.0,24.2638578797875,21.303102374368475,-90.67188466546861,0.0,0.0,0.0,1.0
0.0,43.60253978752726,34.37854222783712,-110.71038299791185,0.0,0.0,0.0,1.0
0.0,54.75036130115902,37.025432195809074,-126.77280538875347,0.0,0.0,0.0,1.0
0.0,42.5969323921059,32.06500195359564,-115.07183409506125,0.0,0.0,0.0,1.0
0.0,36.54469025755608,30.160110789718683,-113.46841410747808,0.0,0.0,0.0,1.0
0.0,30.829454274727606,27.620192127886853,-106.35011370396236,0.0,0.0,0.0,1.0
0.0,26.842345354383838,25.79021768549335,-100.82373323893437,0.0,0.0,0.0,1.0
0.0,27.107717124506507,26.229624955732373,-105.28230788916447,0.0,0.0,0.0,1.0
0.0,25.82274792860617,25.124465057944906,-102.2202616564014,0.0,0.0,0.0,1.0
0.0,25.773692126294637,25.683719587247406,-105.06814285141819,0.0,0.0,0.0,1.0
0.0,28.887656090731202,26.451982645196374,-110.80791829482195,0.0,0.0,0.0,1.0
0.0,26.28908086081824,25.50364118219018,-105.81452890823601,0.0,0.0,0.0,1.0
0.0,26.362837783427125,22.89115538213425,-97.63705540904462,0.0,0.0,0.0,1.0
0.0,25.820523403316077,23.220835516596477,-98.50631832946472,0.0,0.0,0.0,1.0
0.0,24.68678079933953,24.092915270895325,-100.17178777838119,0.0,0.0,0.0,1.0
0.0,23.411567638047277,21.869910882513246,-91.77115084965277,0.0,0.0,0.0,1.0
0.0,40.378975084180766,27.996945911259168,-111.25130194619408,0.0,0.0,0.0,1.0
0.0,33.24462988741679,25.563281274202595,-102.4710801921377,0.0,0.0,0.0,1.0
0.0,46.875672455230635,34.98441844146457,-112.92911923070886,0.0,0.0,0.0,1.0
0.0,39.00351790147283,31.495922863328154,-109.52957176832331,0.0,0.0,0.0,1.0
0.0,31.628532608179672,26.20266570730765,-95.54202678941073,0.0,0.0,0.0,1.0
0.0,27.683597586454535,24.469754639460483,-92.79373670565718,0.0,0.0,0.0,1.0
0.0,26.412087266124246,23.838420441668966,-93.63017415519815,0.0,0.0,0.0,1.0
0.0,25.14681789488503,24.50953869923254,-97.09659634809061,0.0,0.0,0.0,1.0
0.0,38.86653828691575,28.018347771163835,-108.78404418874615,0.0,0.0,0.0,1.0
0.0,41.730141516991125,30.521878567108935,-126.15335541737898,0.0,0.0,0.0,1.0
0.0,35.80680747747185,28.62771855132378,-118.0262097350298,0.0,0.0,0.0,1.0
0.0,33.53035237075651,26.69011823621797,-112.17379846483784,0.0,0.0,0.0,1.0
0.0,30.341848627071606,25.925400182341455,-108.1396401820966,0.0,0.0,0.0,1.0
0.0,45.375428981915036,23.104213897790896,-118.86045373122614,0.0,0.0,0.0,1.0
0.0,36.605506170580526,21.35534854637753,-104.23444078987526,0.0,0.0,0.0,1.0
0.0,30.44166192515587,20.043317965760522,-93.52893753883478,0.0,0.0,0.0,1.0
0.0,31.610127729899837,21.96513364218044,-100.34423150464495,0.0,0.0,0.0,1.0
0.0,28.6459576763147,23.794019324800733,-102.8174032539254,0.0,0.0,0.0,1.0
0.0,33.09791411290682,24.41111946322469,-109.28407396354896,0.0,0.0,0.0,1.0
0.0,33.4022741110954,23.646923121185203,-107.4472650951796,0.0,0.0,0.0,1.0
0.0,29.798518138282674,24.403219093854755,-106.0301952072635,0.0,0.0,0.0,1.0
0.0,28.584708958115673,28.061456489007043,-115.70580252447556,0.0,0.0,0.0,1.0
0.0,32.87664809935908,27.057442449928974,-117.0429567880343,0.0,0.0,0.0,1.0
0.0,29.375939118809452,26.527906523196712,-111.93106494619852,0.0,0.0,0.0,1.0
0.0,29.111924842246346,24.306457871135176,-104.84923707543277,0.0,0.0,0.0,1.0
0.0,26.548035820942467,22.689765048316353,-97.15586910827413,0.0,0.0,0.0,1.0
0.0,26.478033301879016,24.56137383431279,-103.16695731250502,0.0,0.0,0.0,1.0
0.0,36.71995237351963,22.3357250759657,-103.61199476490931,0.0,0.0,0.0,1.0
0.0,30.639991092426136,20.24396598340951,-91.96307593949783,0.0,0.0,0.0,1.0
0.0,28.5900155126394,22.40498955283134,-97.09400048863938,0.0,0.0,0.0,1.0
0.0,26.454463178145957,23.537690654567495,-98.97433192838952,0.0,0.0,0.0,1.0
0.0,25.305083193049473,24.147491391039853,-99.90106971701755,0.0,0.0,0.0,1.0
0.0,26.736404471780794,23.85348314304861,-100.68115396665873,0.0,0.0,0.0,1.0
0.0,41.78414995815204,23.247863319490143,-114.64215466594808,0.0,0.0,0.0,1.0
0.0,36.592084037583135,25.37303729657336,-116.0470658417619,0.0,0.0,0.0,1.0
0.0,35.752100544211736,24.542844495671194,-112.72567540619883,0.0,0.0,0.0,1.0
0.0,47.77182543391994,29.272933488144258,-123.72919766560297,0.0,0.0,0.0,1.0
0.0,43.57916334361718,30.207851226392638,-128.78554729551104,0.0,0.0,0.0,1.0
0.0,38.60360783387359,31.549942838934278,-131.16053865225206,0.0,0.0,0.0,1.0
0.0,33.484415373098486,27.9255172832109,-116.7690293474271,0.0,0.0,0.0,1.0
0.0,32.50883900692534,26.710276627689765,-113.42886972267507,0.0,0.0,0.0,1.0
0.0,30.212259730748535,28.49934192306508,-117.23734320828322,0.0,0.0,0.0,1.0
0.0,27.291543118720895,26.960821466790364,-109.82004491155858,0.0,0.0,0.0,1.0
0.0,27.151427888745797,26.84470656931427,-109.72305135398982,0.0,0.0,0.0,1.0
0.0,25.671582023747476,24.732950928287234,-101.9548278659864,0.0,0.0,0.0,1.0
0.0,25.850131426299303,25.84905676578518,-105.5143883719476,0.0,0.0,0.0,1.0
0.0,24.741313494591484,24.017912197123135,-98.93420299082022,0.0,0.0,0.0,1.0
0.0,24.047759346274244,22.85393572120111,-94.7582609533068,0.0,0.0,0.0,1.0
0.0,25.22348849529575,24.361659511874777,-100.56341414331007,0.0,0.0,0.0,1.0
0.0,24.4086698056184,24.606649018238905,-100.42676354001942,0.0,0.0,0.0,1.0
0.0,28.335127542763143,19.674278053153955,-92.59441793978269,0.0,0.0,0.0,1.0
0.0,25.098207135840315,18.659817819203703,-85.11860714785111,0.0,0.0,0.0,1.0
0.0,24.37159119724116,19.424943768366212,-86.0545291859816,0.0,0.0,0.0,1.0
0.0,31.924166450910658,17.42518492597563,-87.80467388132661,0.0,0.0,0.0,1.0
0.0,31.13748489485567,22.046868777360835,-100.79320948933511,0.0,0.0,0.0,1.0
0.0,28.32754695499232,21.742576573688496,-96.62135810305344,0.0,0.0,0.0,1.0
0.0,25.81030030113111,20.271149941897622,-89.38747497322888,0.0,0.0,0.0,1.0
0.0,24.62104810040636,19.576766079282052,-85.98900489780937,0.0,0.0,0.0,1.0
0.0,27.045858954721325,19.901996684581118,-89.82377052863099,0.0,0.0,0.0,1.0
0.0,26.16615618468114,22.478517136410066,-96.70142349394112,0.0,0.0,0.0,1.0
0.0,26.41996297721745,24.541329719094055,-103.22238174467954,0.0,0.0,0.0,1.0
0.0,26.04385669509073,26.01395544212862,-106.93940053248465,0.0,0.0,0.0,1.0
0.0,24.837741944074416,23.28990297686717,-97.49017440902969,0.0,0.0,0.0,1.0
0.0,22.939442535753447,20.9420483524612,-88.2604218035834,0.0,0.0,0.0,1.0
0.0,21.717477021276963,19.428050399121574,-82.30609784702851,0.0,0.0,0.0,1.0
0.0,20.88289290529878,18.430854227691686,-78.33474293285627,0.0,0.0,0.0,1.0
0.0,23.553377716888974,21.7009424362517,-90.96892583309831,0.0,0.0,0.0,1.0
0.0,24.104982148501303,23.45459086597461,-96.63300375972729,0.0,0.0,0.0,1.0
0.0,25.05965029596958,23.91255766513904,-99.54138747471983,0.0,0.0,0.0,1.0
0.0,23.965699083381946,21.767859551097242,-91.86996102797086,0.0,0.0,0.0,1.0
0.0,26.68068987054486,21.982961130893635,-95.7853210104327,0.0,0.0,0.0,1.0
0.0,24.271928095212076,20.264440519137032,-87.87778486429661,0.0,0.0,0.0,1.0
0.0,28.96172626193967,22.874008888062672,-101.06805572989411,0.0,0.0,0.0,1.0
0.0,27.21616258533084,22.29797167056598,-97.17800057990776,0.0,0.0,0.0,1.0
0.0,24.617338172010815,20.450631246201645,-88.7239889224025,0.0,0.0,0.0,1.0
0.0,25.398781578295893,18.91456527354666,-85.91741849918932,0.0,0.0,0.0,1.0
0.0,24.40178688488303,18.67633507268117,-83.77067478975488,0.0,0.0,0.0,1.0
0.0,23.647948568745708,19.408447047213564,-84.90486239459865,0.0,0.0,0.0,1.0
0.0,31.322571225758928,17.050493005445063,-87.00927128066344,0.0,0.0,0.0,1.0
0.0,27.856583561755333,17.93465339365315,-85.47662622306127,0.0,0.0,0.0,1.0
0.0,25.70128117817708,18.601967590441728,-84.79902357852909,0.0,0.0,0.0,1.0
0.0,24.527025965670024,18.35812625126146,-82.69845737747924,0.0,0.0,0.0,1.0
0.0,23.942327489930086,18.366658586505455,-82.0772576034168,0.0,0.0,0.0,1.0
0.0,23.4351112097739,18.268242300115762,-81.17451266324555,0.0,0.0,0.0,1.0
0.0,26.586269882238348,18.232631341818124,-87.56162116689157,0.0,0.0,0.0,1.0
0.0,24.93885425620208,18.07554132026626,-84.36254450125764,0.0,0.0,0.0,1.0
0.0,27.677788599715935,19.69922800582388,-91.90818273335896,0.0,0.0,0.0,1.0
0.0,24.682548462549175,17.72493816181428,-83.12278918303834,0.0,0.0,0.0,1.0
0.0,24.903460299054963,19.35661858391815,-87.30841517516102,0.0,0.0,0.0,1.0
0.0,25.165029540693084,22.58744980329044,-96.5115398332614,0.0,0.0,0.0,1.0
0.0,23.620673329758127,20.728846330090892,-88.99424430021021,0.0,0.0,0.0,1.0
0.0,23.8809023411852,20.611916351330258,-89.17508294672182,0.0,0.0,0.0,1.0
0.0,23.55514639616733,19.755333704468573,-86.31165806982533,0.0,0.0,0.0,1.0
0.0,23.334614810522304,19.223509271868707,-84.33877738019538,0.0,0.0,0.0,1.0
0.0,24.063516228711045,20.20633392258219,-87.87824278554724,0.0,0.0,0.0,1.0
0.0,23.121635650126827,19.607291462393267,-85.61782135521115,0.0,0.0,0.0,1.0
0.0,22.69748370667454,19.430526692236068,-84.31516652569394,0.0,0.0,0.0,1.0
0.0,28.83653227031722,16.08282858131669,-80.83814022560395,0.0,0.0,0.0,1.0
0.0,26.1738593713402,16.98270951081868,-81.09988882739279,0.0,0.0,0.0,1.0
0.0,24.34430110128144,17.103403636606725,-79.19786791912186,0.0,0.0,0.0,1.0
0.0,23.72786355410613,17.359402420117025,-79.43084141308537,0.0,0.0,0.0,1.0
0.0,23.292766576301275,17.549481284526077,-79.45954648471506,0.0,0.0,0.0,1.0
0.0,22.97082628675759,18.166543252050868,-80.74771091845241,0.0,0.0,0.0,1.0
0.0,32.05952141986004,16.07748395576594,-84.11139547057924,0.0,0.0,0.0,1.0
0.0,34.48081822717095,13.163812658117488,-83.64875628696733,0.0,0.0,0.0,1.0
0.0,43.324186420514906,14.508237019005893,-94.79462878263705,0.0,0.0,0.0,1.0
0.0,43.10838753890828,13.17122308097,-91.7191098262055,0.0,0.0,0.0,1.0
0.0,35.390322452499056,14.192420896968537,-85.01649694885609,0.0,0.0,0.0,1.0
0.0,30.7874062772461,15.382218687573888,-82.67606768752172,0.0,0.0,0.0,1.0
0.0,27.860779290807223,16.22996013253544,-81.43368584322636,0.0,0.0,0.0,1.0
0.0,25.55553197111065,16.60388868489697,-79.58369265642064,0.0,0.0,0.0,1.0
0.0,24.144990263086694,16.862559115141526,-78.56899352466263,0.0,0.0,0.0,1.0
0.0,23.516057523856524,17.474323024385253,-79.51067476791499,0.0,0.0,0.0,1.0
0.0,23.492525909718918,18.36171034025023,-82.07731042662769,0.0,0.0,0.0,1.0
0.0,23.210155896918085,18.06457373465527,-80.93737568953209,0.0,0.0,0.0,1.0
0.0,27.968640566449096,14.465014465823415,-81.1498737324918,0.0,0.0,0.0,1.0
0.0,29.61179782761394,17.163120811607982,-89.83566615147058,0.0,0.0,0.0,1.0
0.0,28.3454165650776,18.90790889675677,-92.419280906141,0.0,0.0,0.0,1.0
0.0,27.545602983921206,20.014736435026368,-94.07729611829026,0.0,0.0,0.0,1.0
0.0,25.417686390286388,18.978099389370268,-87.65715414211354,0.0,0.0,0.0,1.0
0.0,28.85812486661295,14.730450548816851,-83.97475211157048,0.0,0.0,0.0,1.0
0.0,25.98365562473328,14.519108153677777,-78.55756123857533,0.0,0.0,0.0,1.0
0.0,30.701144418550918,12.621807443387551,-78.42488247477174,0.0,0.0,0.0,1.0
0.0,33.33030853067418,10.995621467446345,-75.83694212920975,0.0,0.0,0.0,1.0
0.0,28.640301589122725,11.804648421689484,-72.16986835946199,0.0,0.0,0.0,1.0
0.0,25.618624064110055,12.567907432783022,-70.38479153585331,0.0,0.0,0.0,1.0
0.0,29.882034408072837,11.122481739486226,-71.79545605685335,0.0,0.0,0.0,1.0
0.0,27.48598486303615,14.575939947867651,-78.07907175108642,0.0,0.0,0.0,1.0
0.0,30.884833276845065,11.779534950877924,-79.27790815006288,0.0,0.0,0.0,1.0
0.0,27.815915788193767,13.910893650300038,-79.2448293952281,0.0,0.0,0.0,1.0
0.0,30.242431627486646,11.276314354807564,-78.55162472045143,0.0,0.0,0.0,1.0
0.0,31.840662178073327,9.575334939806261,-78.10676586762322,0.0,0.0,0.0,1.0
0.0,31.223025143662483,8.466811052413794,-75.00205793010647,0.0,0.0,0.0,1.0
0.0,28.841023049488953,12.69076681382693,-80.25427878194704,0.0,0.0,0.0,1.0
0.0,27.248607133174353,15.683971399940187,-84.07437307854454,0.0,0.0,0.0,1.0
0.0,26.337384124109057,12.903443537333949,-76.89902890031884,0.0,0.0,0.0,1.0
0.0,24.055352086001605,13.059932096219969,-73.0046605852195,0.0,0.0,0.0,1.0
0.0,23.439466639937244,14.739473338655724,-75.39145862487379,0.0,0.0,0.0,1.0
0.0,26.766602190636014,11.901200314227296,-71.0419946247357,0.0,0.0,0.0,1.0
0.0,25.340843821668145,14.14454933331517,-74.8236392000337,0.0,0.0,0.0,1.0
0.0,28.479487258365438,11.35108501552707,-75.92479671366328,0.0,0.0,0.0,1.0
0.0,26.324731421442205,13.208301450519428,-76.30060689278797,0.0,0.0,0.0,1.0
0.0,24.584765026465053,13.98260065674969,-75.53716459973126,0.0,0.0,0.0,1.0
0.0,24.118362358603502,15.597669292755262,-78.28538883498399,0.0,0.0,0.0,1.0
0.0,22.579611047869353,15.054373166554688,-75.48586720334931,0.0,0.0,0.0,1.0
0.0,21.785101963000397,14.789818809793731,-74.20570196642466,0.0,0.0,0.0,1.0
0.0,22.401086912090424,16.192955748752752,-77.95555607602377,0.0,0.0,0.0,1.0
0.0,23.154109055669096,14.8530879606398,-76.01601626862701,0.0,0.0,0.0,1.0
0.0,21.880984782823372,14.698016522246393,-74.2829431389576,0.0,0.0,0.0,1.0
0.0,25.012363644785776,11.668409621880581,-74.03464614012655,0.0,0.0,0.0,1.0
0.0,28.31277910694127,9.768282167184077,-76.55105707652167,0.0,0.0,0.0,1.0
0.0,25.29173662946441,11.436011593974847,-74.7489892978033,0.0,0.0,0.0,1.0
0.0,28.17427044230793,9.519093138828744,-76.26922312132443,0.0,0.0,0.0,1.0
0.0,30.645024264892296,8.188355620012263,-78.34197181665903,0.0,0.0,0.0,1.0
0.0,34.8046421942774,8.725725287556795,-77.59739986875572,0.0,0.0,0.0,1.0
0.0,29.521158578489246,10.820263668578207,-75.80420061528228,0.0,0.0,0.0,1.0
0.0,34.341127280542906,10.576383790103463,-77.15815569173435,0.0,0.0,0.0,1.0
0.0,34.760648385294125,8.929337350284209,-79.95493815298018,0.0,0.0,0.0,1.0
0.0,35.563606010903875,7.818842439907349,-82.63809313025524,0.0,0.0,0.0,1.0
0.0,30.143146152973408,10.429762469313804,-79.86912867913094,0.0,0.0,0.0,1.0
0.0,33.1991668843942,9.821962033606539,-82.31276345128042,0.0,0.0,0.0,1.0
0.0,36.24135846110758,9.693125667638833,-80.14562534338425,0.0,0.0,0.0,1.0
0.0,30.643094014555093,11.819569345372686,-78.99440567588988,0.0,0.0,0.0,1.0
0.0,28.014790993642592,14.408994539710932,-81.55580984668924,0.0,0.0,0.0,1.0
0.0,26.443957389972432,16.217910576487906,-83.86517368052941,0.0,0.0,0.0,1.0
0.0,32.42568279841719,14.164728691534778,-84.19085781542876,0.0,0.0,0.0,1.0
0.0,28.00418553335057,13.545162052858055,-78.20703167906788,0.0,0.0,0.0,1.0
0.0,24.75901063345425,13.277261067789114,-73.78999231983354,0.0,0.0,0.0,1.0
0.0,30.54316523616848,12.131809547729608,-75.61595148501885,0.0,0.0,0.0,1.0
0.0,34.70293584473924,11.218506104774367,-76.87191167693595,0.0,0.0,0.0,1.0
0.0,37.48871759155473,11.034288678090533,-79.08548100091907,0.0,0.0,0.0,1.0
0.0,37.52359318655666,9.523151142203425,-77.44621628098379,0.0,0.0,0.0,1.0
0.0,38.21354436946004,8.909933388782566,-77.78978967753996,0.0,0.0,0.0,1.0
0.0,38.20851598712034,8.803578537498975,-76.97094317064654,0.0,0.0,0.0,1.0
0.0,36.44208452005798,8.000712090872945,-73.7170601804291,0.0,0.0,0.0,1.0
0.0,38.15642095231195,10.333740681288683,-73.30408666145793,0.0,0.0,0.0,1.0
0.0,35.74879852291261,8.796094754956663,-70.09613450984921,0.0,0.0,0.0,1.0
0.0,37.23005373421425,8.909877724024538,-73.32976129196803,0.0,0.0,0.0,1.0
0.0,39.11200622431832,9.328763798562747,-78.10810737234878,0.0,0.0,0.0,1.0
0.0,36.537590565980345,8.152470921672016,-73.94475670204986,0.0,0.0,0.0,1.0
0.0,37.532752973473684,8.435053736810689,-75.4885657784472,0.0,0.0,0.0,1.0
0.0,38.25477699918837,7.9672307755467635,-76.82309222295892,0.0,0.0,0.0,1.0
0.0,31.288099053234554,9.30323769840534,-72.15697059175224,0.0,0.0,0.0,1.0
0.0,30.67750333271968,8.551289223017848,-75.96031095084982,0.0,0.0,0.0,1.0
0.0,33.0742559857542,8.501169025085636,-74.7415185233285,0.0,0.0,0.0,1.0
0.0,36.28926670340045,8.637960788470139,-78.4887105904768,0.0,0.0,0.0,1.0
0.0,30.217481478586265,10.07203626140673,-74.46306070565296,0.0,0.0,0.0,1.0
0.0,26.530081429990748,10.915855154679825,-72.6227703022365,0.0,0.0,0.0,1.0
0.0,31.915614753698396,10.37395180019613,-75.99353907504235,0.0,0.0,0.0,1.0
0.0,35.22322605925281,9.515695965204026,-78.05626895111052,0.0,0.0,0.0,1.0
0.0,29.9570404535025,8.923327820413899,-73.42053294960054,0.0,0.0,0.0,1.0
0.0,32.32987843865686,8.67968573969808,-74.37744962743383,0.0,0.0,0.0,1.0
0.0,32.89712272852801,7.672678402222087,-73.1311680053721,0.0,0.0,0.0,1.0
0.0,33.457101448780065,7.8637636373034665,-72.25091719406846,0.0,0.0,0.0,1.0
0.0,34.070301848915726,8.05619547397976,-72.2459334994599,0.0,0.0,0.0,1.0
0.0,34.704451455486925,8.096280416201965,-73.01066871753535,0.0,0.0,0.0,1.0
0.0,35.14845503939654,8.299370114644905,-73.71249686165478,0.0,0.0,0.0,1.0
0.0,35.268214463759634,8.20928120737359,-73.08159847578345,0.0,0.0,0.0,1.0
0.0,34.53785467634447,8.058984070613914,-71.32419144438234,0.0,0.0,0.0,1.0
0.0,33.97869022302825,7.9444397031323595,-70.19638878466544,0.0,0.0,0.0,1.0
0.0,34.37348657324648,8.10785275187895,-71.77772322711506,0.0,0.0,0.0,1.0
0.0,35.45416826662215,7.896038782647497,-74.80111593141882,0.0,0.0,0.0,1.0
0.0,30.534463426673064,10.351830682139322,-76.45457620048899,0.0,0.0,0.0,1.0
0.0,32.16774298254501,9.579238940476849,-75.53252915190507,0.0,0.0,0.0,1.0
0.0,34.52147619015499,8.50849230795612,-77.31830311774665,0.0,0.0,0.0,1.0
0.0,35.00903528398385,8.45434304555182,-77.20895720612344,0.0,0.0,0.0,1.0
0.0,34.53345095149992,7.602917468432602,-76.09001734386477,0.0,0.0,0.0,1.0
0.0,32.76955181297246,6.902374187753054,-72.3261088915423,0.0,0.0,0.0,1.0
0.0,32.659217037637795,7.203076791926239,-71.12936027516348,0.0,0.0,0.0,1.0
0.0,34.85915259943158,7.648924731667262,-77.31840588850893,0.0,0.0,0.0,1.0
0.0,36.24100583590251,9.410478814944701,-74.24862536630738,0.0,0.0,0.0,1.0
0.0,36.64712839327885,8.547682000615628,-76.40926538485381,0.0,0.0,0.0,1.0
0.0,35.36602313319231,9.465104713068614,-70.41850076610748,0.0,0.0,0.0,1.0
0.0,33.41681921307182,8.057669661808397,-69.70073648087104,0.0,0.0,0.0,1.0
0.0,34.06088687988041,7.6234705223509,-72.37839362936056,0.0,0.0,0.0,1.0
0.0,34.09748176259013,7.021959948593198,-73.89491968568062,0.0,0.0,0.0,1.0
0.0,34.30761187456809,7.031238934877643,-74.96640671261126,0.0,0.0,0.0,1.0
0.0,34.06285607558862,7.36193719608228,-74.59508152980591,0.0,0.0,0.0,1.0
0.0,31.846812877711493,6.894579468360982,-73.34605673809507,0.0,0.0,0.0,1.0
0.0,32.51352460910805,6.655060061237628,-74.31992316673794,0.0,0.0,0.0,1.0
0.0,32.73294167657966,6.365122660557181,-73.51424014895277,0.0,0.0,0.0,1.0
0.0,32.82253348374186,8.014294343338904,-68.65436839091547,0.0,0.0,0.0,1.0
0.0,34.94149678171336,9.524395233799305,-68.83216523267185,0.0,0.0,0.0,1.0
0.0,34.290700633349104,9.065419867483698,-70.8849852238953,0.0,0.0,0.0,1.0
0.0,34.0544780697206,9.856988793463595,-67.5003474631585,0.0,0.0,0.0,1.0
0.0,34.13254408273652,8.493028350296404,-71.51989531663762,0.0,0.0,0.0,1.0
0.0,35.84850845768083,9.771660105546633,-70.748412821908,0.0,0.0,0.0,1.0
0.0,36.64857921557367,10.454584037781713,-69.66858891483714,0.0,0.0,0.0,1.0
0.0,36.063679616670086,10.879391248368137,-67.66474505552205,0.0,0.0,0.0,1.0
0.0,34.80182199692593,9.40691227713297,-69.72009416220028,0.0,0.0,0.0,1.0
0.0,34.40752548858678,9.160819749423233,-72.21730523351374,0.0,0.0,0.0,1.0
0.0,31.827743485699582,8.820795649523914,-69.81065220191392,0.0,0.0,0.0,1.0
0.0,32.508152009445546,7.925908051244219,-72.60099794991426,0.0,0.0,0.0,1.0
0.0,34.734386051156925,9.458648051556793,-71.62845307220115,0.0,0.0,0.0,1.0
0.0,35.202802604406955,10.397634541371076,-69.78877216312401,0.0,0.0,0.0,1.0
0.0,34.17380404432267,9.355427275622565,-71.51565920927452,0.0,0.0,0.0,1.0
0.0,36.308862446058164,10.350416043952055,-71.51893819011624,0.0,0.0,0.0,1.0
0.0,35.73859431924029,9.730846768358145,-74.06928172415007,0.0,0.0,0.0,1.0
0.0,33.01147249017207,8.331546390978009,-72.30040160228093,0.0,0.0,0.0,1.0
0.0,34.02070761219899,9.526729557331457,-69.88639645301846,0.0,0.0,0.0,1.0
0.0,33.26520898173133,8.297532441039335,-71.77294638667126,0.0,0.0,0.0,1.0
0.0,31.32299976606387,7.437941593597976,-70.75788352522396,0.0,0.0,0.0,1.0
0.0,32.866547932628244,5.715706344250733,-70.60290838516474,0.0,0.0,0.0,1.0
0.0,32.76858928902249,5.843038556846992,-72.87965030797643,0.0,0.0,0.0,1.0
0.0,30.441301643072958,6.417716397083359,-69.07205279793618,0.0,0.0,0.0,1.0
0.0,30.285217264395058,6.240536280091624,-68.65530557783201,0.0,0.0,0.0,1.0
0.0,30.826586987147273,6.440260523901179,-70.25702159457047,0.0,0.0,0.0,1.0
0.0,32.68593795329448,8.439923901966372,-68.84324630830773,0.0,0.0,0.0,1.0
0.0,35.27702663719529,9.593836120434993,-69.44158713523926,0.0,0.0,0.0,1.0
0.0,35.42546561940978,10.101604936643522,-67.51846142458709,0.0,0.0,0.0,1.0
0.0,33.67767489685144,9.15968085461052,-66.87357015921215,0.0,0.0,0.0,1.0
0.0,34.24934507506431,9.797503404357682,-65.62427351314763,0.0,0.0,0.0,1.0
0.0,32.742180237923925,7.068521579456,-64.195864198489,0.0,0.0,0.0,1.0
0.0,33.647253460391276,5.469373816706078,-66.14423680252808,0.0,0.0,0.0,1.0
0.0,33.165886157962916,6.299226992803841,-67.67739215082358,0.0,0.0,0.0,1.0
0.0,33.60232931171082,6.921370386913381,-71.04424522989252,0.0,0.0,0.0,1.0
0.0,35.99640984866759,8.445825369006744,-70.675722498405,0.0,0.0,0.0,1.0
0.0,33.33507723941467,7.878991276009771,-69.02461633462455,0.0,0.0,0.0,1.0
0.0,35.871353994774225,9.060371325877261,-69.37964094243878,0.0,0.0,0.0,1.0
0.0,32.81148642575973,7.703674336698276,-67.81597801800046,0.0,0.0,0.0,1.0
0.0,32.16031162503441,5.641154419039381,-66.07039368915314,0.0,0.0,0.0,1.0
0.0,30.308524711589534,4.286557444389905,-61.95725221518992,0.0,0.0,0.0,1.0
0.0,31.74558632269908,5.769508033133859,-67.48282227953125,0.0,0.0,0.0,1.0
0.0,30.82411673955599,5.830274256473645,-68.55884357766301,0.0,0.0,0.0,1.0
0.0,30.2278950763554,4.3755166182689305,-65.52859142976136,0.0,0.0,0.0,1.0
0.0,30.188150970502345,3.4305157822131584,-65.23751208077678,0.0,0.0,0.0,1.0
0.0,29.545027171586447,4.413203327730139,-66.04211129466576,0.0,0.0,0.0,1.0
0.0,29.23845723826482,3.4273383506739643,-63.952978121652016,0.0,0.0,0.0,1.0
0.0,29.68557010960272,2.835744725809966,-64.7371460000763,0.0,0.0,0.0,1.0
0.0,29.839751566514106,2.443847604834366,-64.7843073345337,0.0,0.0,0.0,1.0
0.0,30.04359747110934,2.1412408157813094,-65.01247987764766,0.0,0.0,0.0,1.0
0.0,31.430784233581146,4.171977871870457,-68.55679979271541,0.0,0.0,0.0,1.0
0.0,30.974854525858138,5.189267134150098,-67.75138059993502,0.0,0.0,0.0,1.0
0.0,35.02004433485595,7.257849854654621,-69.06332110595658,0.0,0.0,0.0,1.0
0.0,33.75608957256028,7.055743808201322,-67.78027921932207,0.0,0.0,0.0,1.0
0.0,33.83749606245832,7.325747728297006,-70.19005843769335,0.0,0.0,0.0,1.0
0.0,32.61656323999008,7.334393351653802,-69.64430388220993,0.0,0.0,0.0,1.0
0.0,34.85063713330108,8.487370321266745,-68.40465268353665,0.0,0.0,0.0,1.0
0.0,36.08035562130749,9.191949877568563,-67.30594443974196,0.0,0.0,0.0,1.0
0.0,33.83181847765657,6.477766124842819,-66.34915514564321,0.0,0.0,0.0,1.0
0.0,32.79231187263079,4.701951295549781,-66.6973234876328,0.0,0.0,0.0,1.0
0.0,32.59549395167409,5.5470190516984355,-67.68359165534453,0.0,0.0,0.0,1.0
0.0,35.166695173123095,7.319295712483313,-67.51788387233897,0.0,0.0,0.0,1.0
0.0,37.513032642927975,8.497089972658564,-68.35339785456003,0.0,0.0,0.0,1.0
0.0,35.46333215192741,40.20095899247872,-130.73531522544596,0.0,0.0,0.0,1.0
0.0,27.147407379532098,70.08471066846525,-196.22562651459805,0.0,0.0,0.0,1.0
0.0,29.579239037206335,81.34808744385568,-216.85569768241996,0.0,0.0,0.0,1.0
0.0,22.601887129099403,90.35403216697709,-235.92800564407148,0.0,0.0,0.0,1.0
0.0,18.30000160711907,95.39342062389223,-246.29030243869457,0.0,0.0,0.0,1.0
0.0,15.405526579893227,96.78104808266139,-248.34192807134193,0.0,0.0,0.0,1.0
0.0,13.752077097983634,99.51790943851402,-254.2568431892644,0.0,0.0,0.0,1.0
0.0,12.453417187627851,99.26405586144845,-253.0384107313563,0.0,0.0,0.0,1.0
0.0,11.624758168392649,97.47187054996411,-247.67900016294124,0.0,0.0,0.0,1.0
0.0,11.400480897021422,96.41050646754404,-244.74472764003295,0.0,0.0,0.0,1.0
0.0,11.771803549300369,97.58276455623319,-247.51574042691644,0.0,0.0,0.0,1.0
0.0,12.116666605816844,98.36583091389322,-249.4144566629375,0.0,0.0,0.0,1.0
0.0,12.456877876227887,99.71697369888177,-252.65300267894074,0.0,0.0,0.0,1.0
0.0,11.60796397316771,96.15442729664022,-243.79014865465606,0.0,0.0,0.0,1.0
0.0,11.905519633448126,95.89726577161265,-243.00969745347336,0.0,0.0,0.0,1.0
0.0,11.428417959986716,92.69478078187252,-234.93017678185842,0.0,0.0,0.0,1.0
0.0,10.994335961516283,90.19783525028362,-227.97274980499412,0.0,0.0,0.0,1.0
0.0,10.688326549935185,89.31917059224521,-225.40096077577704,0.0,0.0,0.0,1.0
0.0,10.472070934519884,87.58876025662674,-221.4594339977495,0.0,0.0,0.0,1.0
0.0,11.814489533623833,91.85154282592114,-232.31084431816976,0.0,0.0,0.0,1.0
0.0,11.337690374166646,90.58011602036765,-229.24771079304395,0.0,0.0,0.0,1.0
0.0,10.915179674955509,87.36712435328538,-221.27735884333137,0.0,0.0,0.0,1.0
0.0,10.616611054319357,85.19479068761129,-215.8823748135561,0.0,0.0,0.0,1.0
0.0,10.425006902039962,83.80071200113503,-212.4201846497556,0.0,0.0,0.0,1.0
0.0,10.346915487930923,83.40642777125689,-211.11612737013638,0.0,0.0,0.0,1.0
0.0,11.942551352859116,88.68330196283948,-224.40603371836175,0.0,0.0,0.0,1.0
0.0,11.330148851999962,85.71309838706757,-217.0624505097855,0.0,0.0,0.0,1.0
0.0,10.881727717386287,83.59595762186021,-211.78044648587706,0.0,0.0,0.0,1.0
0.0,10.764996821047722,83.56351298721155,-211.82427656177748,0.0,0.0,0.0,1.0
0.0,10.519181422946163,81.87565689168949,-207.62214620054803,0.0,0.0,0.0,1.0
0.0,10.386445270371611,80.48786219430403,-204.11913629716554,0.0,0.0,0.0,1.0
0.0,18.065623710200583,54.21042948382964,-156.95609698383407,0.0,0.0,0.0,1.0
0.0,22.36302709297346,37.10776403463883,-124.89644661762573,0.0,0.0,0.0,1.0
0.0,22.714917005023292,24.124359297061837,-97.81404521794045,0.0,0.0,0.0,1.0
0.0,24.520919585487157,17.583056157989827,-86.91552613050318,0.0,0.0,0.0,1.0
0.0,26.254366438123974,13.530284033520953,-79.15127411007055,0.0,0.0,0.0,1.0
0.0,25.62540735661496,10.384557146816576,-70.6835596892916,0.0,0.0,0.0,1.0
0.0,26.139552797050758,8.655542730674048,-68.94220003391492,0.0,0.0,0.0,1.0
0.0,27.116637304163575,7.508586118872101,-66.78879373971512,0.0,0.0,0.0,1.0
0.0,31.207989738216305,8.242418502825679,-66.77936202956826,0.0,0.0,0.0,1.0
0.0,29.953045571416425,7.140197220096165,-68.41451761310178,0.0,0.0,0.0,1.0
0.0,27.26196596034356,4.8096795248010675,-61.20822888632152,0.0,0.0,0.0,1.0
0.0,25.410737230721335,3.3068960447785285,-56.52240060949425,0.0,0.0,0.0,1.0
0.0,24.23418956231237,2.3238732440265295,-53.56120035864539,0.0,0.0,0.0,1.0
0.0,25.217086224507412,1.6887556657525218,-58.60224604690192,0.0,0.0,0.0,1.0
0.0,28.4194122215143,4.377430949966194,-59.16621185514399,0.0,0.0,0.0,1.0
0.0,32.02744927821879,6.148207387358958,-61.85123116241023,0.0,0.0,0.0,1.0
0.0,30.52155047914814,5.871468009160771,-61.726189222253645,0.0,0.0,0.0,1.0
0.0,33.68973086845425,7.069287079846059,-63.96629204248151,0.0,0.0,0.0,1.0
0.0,29.272186802656933,4.686457042513329,-57.90188534613597,0.0,0.0,0.0,1.0
0.0,26.8450377278211,3.138833525914631,-55.821518795632784,0.0,0.0,0.0,1.0
0.0,31.223583309108115,5.289023935353695,-60.04685483021523,0.0,0.0,0.0,1.0
0.0,31.023097171403275,5.5580910744144845,-63.44945463832673,0.0,0.0,0.0,1.0
0.0,29.83529730385298,3.7003855819449596,-61.31885343894114,0.0,0.0,0.0,1.0
0.0,30.142577664181783,4.465851608175497,-62.87642821556487,0.0,0.0,0.0,1.0
0.0,28.18581485567135,4.776873044687059,-61.49619221014075,0.0,0.0,0.0,1.0
0.0,26.88525447136617,3.132114628531078,-58.39100834843428,0.0,0.0,0.0,1.0
0.0,25.933635176624325,2.0263347407963614,-59.50923434405613,0.0,0.0,0.0,1.0
0.0,24.08249404854877,1.3065925576930806,-54.950056206408576,0.0,0.0,0.0,1.0
0.0,29.512304298338425,3.907966453318852,-59.531924758313366,0.0,0.0,0.0,1.0
0.0,33.416962362280806,5.558509170300713,-63.125866948092295,0.0,0.0,0.0,1.0
0.0,31.247124072788893,5.351968099998484,-62.97702593418053,0.0,0.0,0.0,1.0
0.0,33.95371207781086,6.519756875523834,-64.49007020752882,0.0,0.0,0.0,1.0
0.0,31.62799248361434,6.0671627038044464,-63.98391136087482,0.0,0.0,0.0,1.0
0.0,30.599954919760975,5.9057091924408365,-64.83718344687057,0.0,0.0,0.0,1.0
0.0,33.27497422078413,6.853259120975113,-65.34177130461643,0.0,0.0,0.0,1.0
0.0,30.03695708601368,6.1813506488504615,-62.95867187255901,0.0,0.0,0.0,1.0
0.0,29.905423846311788,6.089903556776814,-65.7673446153542,0.0,0.0,0.0,1.0
0.0,31.67935196500532,7.038265281249989,-64.27178587423893,0.0,0.0,0.0,1.0
0.0,30.51237354621501,6.365315974476564,-64.84460237365326,0.0,0.0,0.0,1.0
0.0,34.349984188707495,7.201614262954007,-67.19148555948847,0.0,0.0,0.0,1.0
0.0,32.745140921894986,5.634177435410051,-67.97425621411243,0.0,0.0,0.0,1.0
0.0,33.58475729038035,6.743986836435595,-65.84933152848102,0.0,0.0,0.0,1.0
0.0,30.54514780490394,5.834240945859568,-62.799288818845774,0.0,0.0,0.0,1.0
0.0,29.334296761456592,5.91978352560715,-65.56720314089763,0.0,0.0,0.0,1.0
0.0,30.198372254412718,5.211661008543316,-67.9365702036774,0.0,0.0,0.0,1.0
0.0,32.08263348387174,6.504674281696391,-66.11058114331072,0.0,0.0,0.0,1.0
0.0,31.279450561414816,5.866634748948706,-66.99174468941874,0.0,0.0,0.0,1.0
0.0,29.622948099262064,5.393481964881417,-65.19981127266539,0.0,0.0,0.0,1.0
0.0,29.024641889978394,5.109727871329646,-64.04075939456578,0.0,0.0,0.0,1.0
0.0,28.149275046186307,4.906641327685222,-62.53319838848225,0.0,0.0,0.0,1.0
0.0,27.97535076202744,4.757054474618781,-62.17227406681079,0.0,0.0,0.0,1.0
0.0,29.1431032332091,4.781046946255891,-65.96705980769303,0.0,0.0,0.0,1.0
0.0,31.742694228026267,6.314346213234958,-65.48998525482746,0.0,0.0,0.0,1.0
0.0,29.349825026350818,5.4154368455749795,-62.59073578067045,0.0,0.0,0.0,1.0
0.0,29.81305104229798,5.0756105007539825,-64.85739503566215,0.0,0.0,0.0,1.0
0.0,28.915384265339853,4.895674300213555,-64.9662654881022,0.0,0.0,0.0,1.0
0.0,28.932406508043453,4.8257798870795865,-67.02224142319025,0.0,0.0,0.0,1.0
0.0,27.333146322876175,4.46529478967521,-63.42342000283739,0.0,0.0,0.0,1.0
0.0,27.23586004847841,4.155796433162278,-62.68013513050743,0.0,0.0,0.0,1.0
0.0,27.444966796138438,4.516135254255719,-64.69900102036351,0.0,0.0,0.0,1.0
0.0,27.805326043824014,4.600161613553539,-67.2641176803135,0.0,0.0,0.0,1.0
0.0,26.67311674182958,4.434303423668787,-67.79330438743375,0.0,0.0,0.0,1.0
0.0,26.001007525223958,4.092250907740804,-64.28201078020982,0.0,0.0,0.0,1.0
0.0,26.219835105476985,3.9887205066642855,-62.64135168360151,0.0,0.0,0.0,1.0
0.0,25.918334660621216,3.897370443372329,-61.761559412182116,0.0,0.0,0.0,1.0
0.0,27.782848841365368,2.518516183500104,-63.13608675118435,0.0,0.0,0.0,1.0
0.0,26.934656752801597,2.958907461930877,-62.224924121610364,0.0,0.0,0.0,1.0
0.0,25.94871654033719,3.21366831973964,-60.04564319051237,0.0,0.0,0.0,1.0
0.0,25.310859379478558,3.383256544918207,-58.62654073043983,0.0,0.0,0.0,1.0
0.0,24.93183179148349,3.404425383014566,-57.80352954719868,0.0,0.0,0.0,1.0
0.0,24.59860285857061,3.2725183431346774,-57.006408954156846,0.0,0.0,0.0,1.0
0.0,26.38240329361973,2.942711417715023,-60.405560905344444,0.0,0.0,0.0,1.0
0.0,25.855313102029175,3.1212083724987276,-60.032626848740705,0.0,0.0,0.0,1.0
0.0,26.055964084227025,3.1864968115615815,-62.10784108934631,0.0,0.0,0.0,1.0
0.0,25.470775117494426,3.2772946760458432,-59.96260282746882,0.0,0.0,0.0,1.0
0.0,25.470220498248594,3.4924959989168833,-60.54616859367381,0.0,0.0,0.0,1.0
0.0,26.930592182212514,3.2708270032198743,-62.214450074560546,0.0,0.0,0.0,1.0
0.0,25.89089487724321,3.155478908044245,-60.08407064040285,0.0,0.0,0.0,1.0
0.0,25.23164268118342,3.077241245269769,-58.77941326988569,0.0,0.0,0.0,1.0
0.0,25.245409524046135,3.394427924048603,-59.624131819805754,0.0,0.0,0.0,1.0
0.0,25.61325628661292,3.412736074619498,-59.62773687886628,0.0,0.0,0.0,1.0
0.0,25.43017006665831,3.212678824639639,-60.09149432290169,0.0,0.0,0.0,1.0
0.0,24.84760849973382,2.3952712229481534,-58.57679595505171,0.0,0.0,0.0,1.0
0.0,26.370563836705138,2.9775339350006025,-61.897741959888236,0.0,0.0,0.0,1.0
0.0,25.449891075849216,2.9785241659398163,-59.882048027336154,0.0,0.0,0.0,1.0
0.0,26.121904499959506,2.9572217874635958,-60.83834639958572,0.0,0.0,0.0,1.0
0.0,25.684685792702883,3.09668055214239,-60.84083655388316,0.0,0.0,0.0,1.0
0.0,25.961137255371394,3.0932681822862236,-61.5814412017335,0.0,0.0,0.0,1.0
0.0,26.431841045018565,2.92448162656705,-62.68271598523759,0.0,0.0,0.0,1.0
0.0,25.35550215846154,2.7720736850041607,-60.121930462662476,0.0,0.0,0.0,1.0
0.0,25.78249108040373,2.553372734061127,-60.363227747923425,0.0,0.0,0.0,1.0
0.0,26.20726741522356,2.5941003660568396,-60.882111463453555,0.0,0.0,0.0,1.0
0.0,25.945599582924082,2.529734988297807,-61.10341653303008,0.0,0.0,0.0,1.0
0.0,25.692900369064304,2.697236132451424,-61.01155881117816,0.0,0.0,0.0,1.0
0.0,26.268689330322232,2.8219276233382264,-62.257166672091344,0.0,0.0,0.0,1.0
0.0,26.62506601807919,2.848569086098269,-63.106533761028764,0.0,0.0,0.0,1.0
0.0,26.637997095283595,2.7178940712498827,-62.54020770228295,0.0,0.0,0.0,1.0
0.0,26.843622771450157,2.7642704530559983,-63.377091105916605,0.0,0.0,0.0,1.0
0.0,26.490407736132813,2.5801774834453477,-62.013093775689654,0.0,0.0,0.0,1.0
0.0,26.431366618842883,2.593666184602261,-61.720359073850865,0.0,0.0,0.0,1.0
0.0,25.438841634056832,2.5984977658363118,-59.62354734249851,0.0,0.0,0.0,1.0
0.0,25.79988114615829,2.5118462103270556,-60.28765423258227,0.0,0.0,0.0,1.0
0.0,26.536714739289113,2.676356875590178,-62.440188529422926,0.0,0.0,0.0,1.0
0.0,26.849660273390963,2.6496658760328824,-63.482258780072144,0.0,0.0,0.0,1.0
0.0,26.96330183362385,2.783256136987959,-64.03570061897652,0.0,0.0,0.0,1.0
0.0,27.03472505548615,2.870260846478171,-64.41828016790225,0.0,0.0,0.0,1.0
0.0,26.334439556128146,2.202640846957673,-62.742498033846324,0.0,0.0,0.0,1.0
0.0,26.792675435286686,2.1855811900270883,-63.81868553788617,0.0,0.0,0.0,1.0
0.0,26.350800012235563,2.301626189459668,-62.34215583272209,0.0,0.0,0.0,1.0
0.0,26.03612085134654,2.3410458123577724,-61.50793374096258,0.0,0.0,0.0,1.0
0.0,25.87959345552329,2.477403259606328,-61.05133319887333,0.0,0.0,0.0,1.0
0.0,25.614970636415855,2.6635562823791084,-61.05843119177545,0.0,0.0,0.0,1.0
0.0,25.571553969305974,2.0004027597832623,-61.96440426271734,0.0,0.0,0.0,1.0
0.0,25.066058316160294,1.7360235209133368,-60.81961012093801,0.0,0.0,0.0,1.0
0.0,24.811486312935152,1.5855180334692975,-60.24523800989099,0.0,0.0,0.0,1.0
0.0,25.40497524021114,2.0506949139468817,-61.716817511059055,0.0,0.0,0.0,1.0
0.0,24.6445943466821,2.18091000797967,-60.64421568098559,0.0,0.0,0.0,1.0
0.0,25.803165054719024,2.3431604010573137,-62.952498083447765,0.0,0.0,0.0,1.0
0.0,26.41094355648559,2.3088700378528983,-64.82563053027303,0.0,0.0,0.0,1.0
0.0,26.30019825903082,1.781807351342263,-65.0880301631786,0.0,0.0,0.0,1.0
0.0,26.34713265400013,1.9581932425439739,-64.21644483639743,0.0,0.0,0.0,1.0
0.0,27.349283098195304,2.1344976475966098,-66.29161615135149,0.0,0.0,0.0,1.0
0.0,26.633438261708044,2.105975924361983,-64.50547086480113,0.0,0.0,0.0,1.0
0.0,26.37430283093415,2.1284979780550928,-63.83344255609455,0.0,0.0,0.0,1.0
0.0,26.446965137919634,1.9632506959677904,-64.85675778169134,0.0,0.0,0.0,1.0
0.0,28.213764995549994,2.3927386852497916,-69.17683798797074,0.0,0.0,0.0,1.0
0.0,27.139365907625113,2.3505330849555333,-67.43591207074623,0.0,0.0,0.0,1.0
0.0,26.071143741825697,1.808329903371434,-66.08525622310567,0.0,0.0,0.0,1.0
0.0,25.997853815620168,1.9435998863330575,-65.90324871881265,0.0,0.0,0.0,1.0
0.0,27.675025139426616,1.5694882233150695,-70.35529205918283,0.0,0.0,0.0,1.0
0.0,27.361463413395818,2.1863050574825786,-72.71330296552821,0.0,0.0,0.0,1.0
0.0,27.350515082303392,2.558061828676872,-72.33025860318881,0.0,0.0,0.0,1.0
0.0,26.82180484763476,2.4511311311501345,-70.1748813110349,0.0,0.0,0.0,1.0
0.0,26.052033102072002,2.157890789638848,-67.27672055675754,0.0,0.0,0.0,1.0
0.0,25.52119658712442,2.0985264215615413,-65.32414365991006,0.0,0.0,0.0,1.0
0.0,24.645811829251294,1.5539259049486098,-64.30022026231124,0.0,0.0,0.0,1.0
0.0,24.628041367898067,1.7164651413551284,-63.45802393689932,0.0,0.0,0.0,1.0
0.0,25.687814781396327,1.8428618324286536,-64.83936875719041,0.0,0.0,0.0,1.0
0.0,27.24237075007945,2.1857451770203107,-68.29369008977459,0.0,0.0,0.0,1.0
0.0,26.25815089602119,2.1203134567935193,-65.97090944299975,0.0,0.0,0.0,1.0
0.0,26.14781506767458,2.117048642674048,-66.6476952803995,0.0,0.0,0.0,1.0
0.0,24.886021859741096,1.7501873552540093,-63.91637430240898,0.0,0.0,0.0,1.0
0.0,24.133865637354518,1.5010340727416345,-62.27273233064217,0.0,0.0,0.0,1.0
0.0,24.36933955598484,1.6751307498600567,-62.31194342004077,0.0,0.0,0.0,1.0
0.0,23.60044952053618,1.44729404780632,-60.929618774868,0.0,0.0,0.0,1.0
0.0,24.66361304305548,1.8494696841882368,-63.472054461849844,0.0,0.0,0.0,1.0
0.0,24.965950222843833,1.894219892494065,-64.45704776642454,0.0,0.0,0.0,1.0
0.0,23.97687362229215,1.466491943909195,-62.2080470725691,0.0,0.0,0.0,1.0
0.0,23.08105717027827,1.6733431952350601,-60.1987673791933,0.0,0.0,0.0,1.0
0.0,23.89387818673398,1.8264661709747525,-61.33656444046402,0.0,0.0,0.0,1.0
0.0,23.81625153336661,1.6016163370934318,-62.55503279690611,0.0,0.0,0.0,1.0
0.0,24.21216085157199,1.8732064626317624,-63.43533628400853,0.0,0.0,0.0,1.0
0.0,24.09992393330047,1.9377204791793745,-62.41550655601506,0.0,0.0,0.0,1.0
0.0,24.011751770976893,1.6826471311190498,-63.30272082283712,0.0,0.0,0.0,1.0
0.0,24.163609540553185,1.7109845044324827,-62.75557180192927,0.0,0.0,0.0,1.0
0.0,24.77656914210482,1.9683061772653079,-64.37338519284513,0.0,0.0,0.0,1.0
0.0,23.728610085827352,1.7028080517358473,-63.29425575149106,0.0,0.0,0.0,1.0
0.0,25.464156131086494,1.576456088009514,-67.27102090163136,0.0,0.0,0.0,1.0
0.0,25.34707727580804,2.0314296146282027,-66.40549802081094,0.0,0.0,0.0,1.0
0.0,25.68108732157836,2.1529035482522074,-67.2708409556943,0.0,0.0,0.0,1.0
0.0,25.117327775288917,1.4601248682382535,-66.72514673937349,0.0,0.0,0.0,1.0
0.0,27.077889830282462,2.1128424987521592,-70.30702213707121,0.0,0.0,0.0,1.0
0.0,28.039115623634782,2.443868516240449,-71.82366432876441,0.0,0.0,0.0,1.0
0.0,27.269254045168566,2.457813191563797,-69.98874554412198,0.0,0.0,0.0,1.0
0.0,27.138259499791385,2.671938870621819,-69.44230634748975,0.0,0.0,0.0,1.0
0.0,26.29763645506743,2.6049436866656377,-66.82025299710949,0.0,0.0,0.0,1.0
0.0,26.399994881396715,2.5802579010410835,-67.78594509045749,0.0,0.0,0.0,1.0
0.0,25.62577292220827,2.580616202109626,-65.40321459929876,0.0,0.0,0.0,1.0
0.0,24.524146973100812,2.312606305546005,-62.82603622768256,0.0,0.0,0.0,1.0
0.0,24.886778864886306,2.5881634980799824,-63.69835238966786,0.0,0.0,0.0,1.0
0.0,24.88562538549857,2.5631672528312395,-63.226824301695764,0.0,0.0,0.0,1.0
0.0,24.8251077008329,2.344197899803529,-64.17687010534794,0.0,0.0,0.0,1.0
0.0,25.804098875463566,2.5700319576798543,-64.96422630329775,0.0,0.0,0.0,1.0
0.0,25.599596262783805,2.5450439504121394,-63.98073889500705,0.0,0.0,0.0,1.0
0.0,25.609230892953754,2.6130572796359175,-63.57358374119494,0.0,0.0,0.0,1.0
0.0,25.320964422342282,2.56023684366234,-62.88104399548869,0.0,0.0,0.0,1.0
0.0,24.862990490534408,2.5463260402918944,-61.93702913063231,0.0,0.0,0.0,1.0
0.0,25.657937029841,2.6954938213772492,-64.99698146664552,0.0,0.0,0.0,1.0
0.0,25.92420130994734,1.9776535624877094,-69.02438929443032,0.0,0.0,0.0,1.0
0.0,25.404028977691326,2.241939559419648,-66.27535600210228,0.0,0.0,0.0,1.0
0.0,25.197456601256697,2.3466117201647583,-64.61488589287278,0.0,0.0,0.0,1.0
0.0,26.4237055264139,2.6181718834938232,-65.78254510841789,0.0,0.0,0.0,1.0
0.0,25.321224074245368,2.837767752142468,-64.94602902414944,0.0,0.0,0.0,1.0
0.0,24.918466710903804,2.4896134586147824,-65.11944339028383,0.0,0.0,0.0,1.0
0.0,24.912510499303657,2.645326333047977,-63.888476288204046,0.0,0.0,0.0,1.0
0.0,25.299185777871077,2.983066578039393,-64.85362821591406,0.0,0.0,0.0,1.0
0.0,29.19616816222275,3.1610045887295883,-71.94310265571282,0.0,0.0,0.0,1.0
0.0,27.51825462063272,3.020962899610674,-68.04251507802086,0.0,0.0,0.0,1.0
0.0,26.55040728769328,2.805875149512483,-65.5482615720472,0.0,0.0,0.0,1.0
0.0,27.10476485322858,2.375324626134533,-67.50155672256865,0.0,0.0,0.0,1.0
0.0,27.510196001077823,2.465818396474187,-69.79750738320593,0.0,0.0,0.0,1.0
0.0,28.375939956616836,2.47900639559669,-70.14052970228805,0.0,0.0,0.0,1.0
0.0,28.05391795779612,2.6725320494411986,-68.56417692508178,0.0,0.0,0.0,1.0
0.0,26.31676525878877,2.8851957227386995,-65.34729814185071,0.0,0.0,0.0,1.0
0.0,26.566702448080125,2.4197394557805643,-67.50454624496587,0.0,0.0,0.0,1.0
0.0,25.625686321996668,2.0739232469027593,-66.01245370442778,0.0,0.0,0.0,1.0
0.0,25.28755011467665,2.253034972073099,-66.41804709930351,0.0,0.0,0.0,1.0
0.0,25.61413141991475,2.622951635662629,-66.25246440993497,0.0,0.0,0.0,1.0
0.0,25.813739054077576,2.8027893997241113,-66.13210435989988,0.0,0.0,0.0,1.0
0.0,25.61416176656245,2.8122863546564005,-64.68991703938877,0.0,0.0,0.0,1.0
0.0,25.54801766331823,2.8526238527029046,-64.89627289508157,0.0,0.0,0.0,1.0
0.0,27.12952452255457,3.1406617816207603,-68.04245642146662,0.0,0.0,0.0,1.0
0.0,26.91233948600918,3.225345023480186,-67.50947271575671,0.0,0.0,0.0,1.0
0.0,26.997677014931234,3.4161539385410826,-67.71997227506705,0.0,0.0,0.0,1.0
0.0,26.10625942349585,2.9861407699170797,-65.21913050235948,0.0,0.0,0.0,1.0
0.0,25.744684361509176,2.682066448752772,-64.0848475792615,0.0,0.0,0.0,1.0
0.0,26.342607834164784,2.5425533255573454,-64.84431030063062,0.0,0.0,0.0,1.0
0.0,25.848646101358412,2.325273418844062,-63.645633339500705,0.0,0.0,0.0,1.0
0.0,25.624069562494846,2.4885026061379127,-62.892834372926295,0.0,0.0,0.0,1.0
0.0,27.319074709371552,3.1080855553449727,-67.11504091852605,0.0,0.0,0.0,1.0
0.0,26.515405560585663,3.1185470277995453,-64.82456914626718,0.0,0.0,0.0,1.0
0.0,27.52644974048888,2.9510083984772586,-68.03574885806017,0.0,0.0,0.0,1.0
0.0,26.85614738021614,2.7615954623520063,-66.19106176355687,0.0,0.0,0.0,1.0
0.0,26.52985698575001,3.3915782428036145,-65.67247862863759,0.0,0.0,0.0,1.0
0.0,26.112943170985663,3.427445499246414,-64.21997783704519,0.0,0.0,0.0,1.0
0.0,26.909094006131717,3.6477287329314225,-66.358132414077,0.0,0.0,0.0,1.0
0.0,27.65867818882785,4.165923260570062,-66.9786736629566,0.0,0.0,0.0,1.0
0.0,26.666837672615248,3.85865794975202,-64.60509888444848,0.0,0.0,0.0,1.0
0.0,26.132967932401073,3.416418111817603,-63.62939359836007,0.0,0.0,0.0,1.0
0.0,25.91728644353066,3.581047590890104,-62.95276869709781,0.0,0.0,0.0,1.0
0.0,25.832086130057395,3.799343179259373,-63.49535501418977,0.0,0.0,0.0,1.0
0.0,25.975484880066006,3.9432539467964713,-64.1019530828291,0.0,0.0,0.0,1.0
0.0,25.819651888029572,3.8296139774455686,-62.99029915237148,0.0,0.0,0.0,1.0
0.0,26.201729741088112,4.030761987509355,-64.15241781853548,0.0,0.0,0.0,1.0
0.0,25.80362442480007,3.887414635180525,-62.78101979166296,0.0,0.0,0.0,1.0
0.0,26.05541873770228,3.975088906452131,-63.80100289682967,0.0,0.0,0.0,1.0
0.0,24.959995142991087,4.106429403845601,-62.26210866955587,0.0,0.0,0.0,1.0
0.0,25.971001798993502,4.194663753713691,-63.47781891222438,0.0,0.0,0.0,1.0
0.0,25.964242782217152,4.223594718696256,-63.030710152205785,0.0,0.0,0.0,1.0
0.0,25.76474879363899,4.364673138922282,-63.2371119276461,0.0,0.0,0.0,1.0
0.0,25.218174198485006,3.8449550583600716,-61.93564697124724,0.0,0.0,0.0,1.0
0.0,25.628734175639483,4.3063894408180525,-62.680129012545905,0.0,0.0,0.0,1.0
0.0,25.047780909116476,4.026194936328702,-61.597700196871955,0.0,0.0,0.0,1.0
0.0,32.61942597084301,6.195913887760788,-68.86147035457157,0.0,0.0,0.0,1.0
0.0,29.08588047563186,5.631632140854851,-65.2252968545488,0.0,0.0,0.0,1.0
0.0,28.186131072242354,5.434086758784332,-65.25821931816472,0.0,0.0,0.0,1.0
0.0,27.20964800773925,5.257613495959763,-64.6403469417018,0.0,0.0,0.0,1.0
0.0,26.368287011790947,4.866379903088568,-62.80168534842397,0.0,0.0,0.0,1.0
0.0,25.36570431741569,4.827684348777533,-60.75916877941074,0.0,0.0,0.0,1.0
0.0,24.98772053441911,4.308221032787933,-60.48677672527799,0.0,0.0,0.0,1.0
0.0,25.030875816085537,4.352155643948452,-60.79614136283001,0.0,0.0,0.0,1.0
0.0,25.501829197976004,4.8774271886961555,-61.52767739987636,0.0,0.0,0.0,1.0
0.0,26.49339532373413,4.812236188914903,-62.89676333906519,0.0,0.0,0.0,1.0
0.0,25.899073381969835,5.1455495687361505,-62.761909824022744,0.0,0.0,0.0,1.0
0.0,26.351231980856454,5.274675206450515,-64.05334592770946,0.0,0.0,0.0,1.0
0.0,27.04115245154472,5.653706685717137,-66.89755729229218,0.0,0.0,0.0,1.0
0.0,26.82718949594112,5.046366593007341,-67.1650923566376,0.0,0.0,0.0,1.0
0.0,25.84734908194923,4.5513169541249985,-64.20205483473363,0.0,0.0,0.0,1.0
0.0,25.42128422742786,4.682679045303137,-63.17414239501011,0.0,0.0,0.0,1.0
0.0,25.386296908881437,4.859693143393198,-62.218896262611544,0.0,0.0,0.0,1.0
0.0,25.220939257711855,4.977654597557199,-61.37831311329818,0.0,0.0,0.0,1.0
0.0,25.122823266560257,5.032488245356482,-61.79499755051608,0.0,0.0,0.0,1.0
0.0,24.039410118087762,5.088143529919621,-60.18069354898058,0.0,0.0,0.0,1.0
0.0,24.867092046765443,4.9515865387246665,-61.21620750693183,0.0,0.0,0.0,1.0
0.0,25.535740920765047,4.754759212321039,-62.240365482805274,0.0,0.0,0.0,1.0
0.0,25.822821571519952,5.1385543202477155,-63.13365660785805,0.0,0.0,0.0,1.0
0.0,26.631566151369586,5.410990490334627,-64.95271030353575,0.0,0.0,0.0,1.0
0.0,27.444524337785605,5.836884603894987,-66.00268359143712,0.0,0.0,0.0,1.0
0.0,24.085348517925723,4.343354334955265,-65.91088494150988,0.0,0.0,0.0,1.0
0.0,24.13506738172198,4.3850260666545156,-64.08478376085827,0.0,0.0,0.0,1.0
0.0,23.318599830108937,4.700219621191845,-60.6379490478544,0.0,0.0,0.0,1.0
0.0,24.20508935683762,5.167837351358391,-61.60562006420081,0.0,0.0,0.0,1.0
0.0,24.39514696879544,5.319733528963197,-60.746490046683185,0.0,0.0,0.0,1.0
0.0,24.791427822563595,5.51703567531755,-61.69747923586342,0.0,0.0,0.0,1.0
0.0,24.208563747086476,5.097050917989066,-61.201317495390796,0.0,0.0,0.0,1.0
0.0,24.62572808661139,5.37901734424449,-61.9063508251289,0.0,0.0,0.0,1.0
0.0,24.245486675476556,5.096956031681833,-60.29058663543933,0.0,0.0,0.0,1.0
0.0,24.017168741182946,4.912228145242527,-59.254818888890064,0.0,0.0,0.0,1.0
0.0,24.405723289779758,4.76125954745004,-59.63807606743605,0.0,0.0,0.0,1.0
0.0,24.703959290874852,5.355311149272145,-60.64880267019155,0.0,0.0,0.0,1.0
0.0,24.319709649947413,5.396272725327865,-59.348571411800535,0.0,0.0,0.0,1.0
0.0,24.255651153047516,5.4709474643232685,-58.77890784930822,0.0,0.0,0.0,1.0
0.0,24.40208289996495,5.451929547304888,-58.852669773706424,0.0,0.0,0.0,1.0
0.0,23.769253991793963,4.957020410395738,-57.754914772594965,0.0,0.0,0.0,1.0
0.0,24.41792980744652,5.4171098033058245,-59.506696064171194,0.0,0.0,0.0,1.0
0.0,23.341587460004188,5.20484851487658,-57.043891436895706,0.0,0.0,0.0,1.0
0.0,23.619584369075938,4.975917267303534,-58.471405603421765,0.0,0.0,0.0,1.0
0.0,24.1594072948505,5.334778530271772,-59.50878149349496,0.0,0.0,0.0,1.0
0.0,25.838613703458435,5.656454651840904,-62.5482291078628,0.0,0.0,0.0,1.0
0.0,25.506582642549454,5.535732154659637,-61.31479921975188,0.0,0.0,0.0,1.0
0.0,25.23511289781843,5.940398667147621,-60.73234821384457,0.0,0.0,0.0,1.0
0.0,23.77665719880713,5.465315005841915,-57.61082806388166,0.0,0.0,0.0,1.0
0.0,22.880636456535328,5.176738462182111,-55.79142807571095,0.0,0.0,0.0,1.0
0.0,23.033785698802475,5.748236433961808,-57.5661187480393,0.0,0.0,0.0,1.0
0.0,23.083864298447622,6.004134147399104,-59.07064468862806,0.0,0.0,0.0,1.0
0.0,23.34408223352334,6.051303807962801,-60.77954430114186,0.0,0.0,0.0,1.0
0.0,23.701432171945843,6.174965338772108,-60.121825107255255,0.0,0.0,0.0,1.0
0.0,24.24158121416273,5.860868753309401,-60.531141669698734,0.0,0.0,0.0,1.0
0.0,24.340403568395786,5.4619519485910715,-59.53061023277121,0.0,0.0,0.0,1.0
0.0,23.487845779660805,5.284911830259537,-58.01904172070678,0.0,0.0,0.0,1.0
0.0,22.552815233634476,5.052944052753319,-55.61753536767348,0.0,0.0,0.0,1.0
0.0,22.006269757439387,4.823935820763809,-54.174242725936274,0.0,0.0,0.0,1.0
0.0,22.13593392625859,4.727252536083934,-54.21459117890617,0.0,0.0,0.0,1.0
0.0,23.20752419698239,4.835682294978097,-56.5609764861436,0.0,0.0,0.0,1.0
0.0,22.619142260272927,4.740874461199017,-55.948921946792126,0.0,0.0,0.0,1.0
0.0,23.638162470903815,4.786182680844436,-58.37810708156472,0.0,0.0,0.0,1.0
0.0,24.083198468411606,4.739814859965406,-58.913515729198124,0.0,0.0,0.0,1.0
0.0,24.40417110189804,4.6500055023758495,-59.30391675283304,0.0,0.0,0.0,1.0
0.0,23.17774692618723,4.819181982249158,-56.719631024163164,0.0,0.0,0.0,1.0
0.0,22.52309569489829,4.566226907904696,-55.61965495214752,0.0,0.0,0.0,1.0
0.0,22.46234332209398,4.090967227789713,-54.68554903114742,0.0,0.0,0.0,1.0
0.0,21.687240849836193,3.940741069986482,-52.719661510499364,0.0,0.0,0.0,1.0
0.0,24.094430476027892,3.6544427325690245,-59.3690432667632,0.0,0.0,0.0,1.0
0.0,23.29658659607681,3.3253571194327187,-57.002452885988866,0.0,0.0,0.0,1.0
0.0,23.713845885179744,3.3938593044579743,-56.53138339122107,0.0,0.0,0.0,1.0
0.0,23.192486473337258,3.063602251107884,-56.457242036689486,0.0,0.0,0.0,1.0
0.0,23.419385898286816,3.1919072574733978,-56.59920463140911,0.0,0.0,0.0,1.0
0.0,24.246492055280513,3.191082684760389,-56.75450174870284,0.0,0.0,0.0,1.0
0.0,23.463016728766586,2.916925823810276,-56.39195229878425,0.0,0.0,0.0,1.0
0.0,24.555818966874696,3.4616398517714715,-57.650393113088874,0.0,0.0,0.0,1.0
0.0,22.591154246868243,2.812463733111031,-54.06250997327099,0.0,0.0,0.0,1.0
0.0,22.15016204096758,2.197946741936446,-53.81650315102831,0.0,0.0,0.0,1.0
0.0,22.297946027009118,2.320952096262544,-53.816163433993886,0.0,0.0,0.0,1.0
0.0,23.856887758250878,2.4397776199657812,-56.18907153681598,0.0,0.0,0.0,1.0
0.0,23.794028183262654,2.3877058744538107,-56.1439072431718,0.0,0.0,0.0,1.0
0.0,23.462640390973604,2.1947508857706595,-55.366560241829156,0.0,0.0,0.0,1.0
0.0,23.34075125145156,1.9432448817303722,-54.655657794542876,0.0,0.0,0.0,1.0
0.0,23.431630816063503,1.5205382351132033,-54.253658893237635,0.0,0.0,0.0,1.0
0.0,23.511658298869285,1.917850772147848,-56.01315448501047,0.0,0.0,0.0,1.0
0.0,23.96584851010811,2.180499127501416,-57.40441841343756,0.0,0.0,0.0,1.0
0.0,24.406126091488655,2.1129587920116326,-60.62685040153573,0.0,0.0,0.0,1.0
0.0,26.123347404750625,1.9744861506765243,-63.10942041493412,0.0,0.0,0.0,1.0
0.0,26.91210312536283,2.333223228248027,-63.99796471967852,0.0,0.0,0.0,1.0
0.0,25.725504615546477,1.8617288120323556,-62.00385325405702,0.0,0.0,0.0,1.0
0.0,23.891345915094977,1.4929171466702424,-58.29740669526663,0.0,0.0,0.0,1.0
0.0,24.535683924958665,1.448798304381349,-63.39174437777911,0.0,0.0,0.0,1.0
0.0,26.390595396984338,0.9628529151943465,-63.02203188114903,0.0,0.0,0.0,1.0
0.0,26.560244938155304,0.7175853939988825,-67.35800439036146,0.0,0.0,0.0,1.0
0.0,25.856153406937096,0.46761950211870845,-62.43565910576853,0.0,0.0,0.0,1.0
0.0,25.388604990631517,0.6097608295636151,-67.03883081988312,0.0,0.0,0.0,1.0
0.0,27.615784563096053,0.40838758606549297,-66.07721774970821,0.0,0.0,0.0,1.0
0.0,25.095435370664696,0.2683520492705702,-59.34005376255472,0.0,0.0,0.0,1.0
0.0,25.85892072658199,0.3944847281270556,-65.99423711169395,0.0,0.0,0.0,1.0
0.0,25.111744920485048,0.2698985774795526,-64.9516376168132,0.0,0.0,0.0,1.0
0.0,27.62485734105404,0.5799494043199671,-76.0012497610213,0.0,0.0,0.0,1.0
0.0,29.00828963621296,0.6441402487517995,-82.1503945987188,0.0,0.0,0.0,1.0
0.0,32.73875168137685,0.43344732624039184,-79.82091041461412,0.0,0.0,0.0,1.0
0.0,41.19731012205981,4.730564969133968,-83.98056657210124,0.0,0.0,0.0,1.0
0.0,40.552594013676604,3.045786249696272,-80.84526251913708,0.0,0.0,0.0,1.0
0.0,33.730653433050065,1.967332240445822,-69.05649445168709,0.0,0.0,0.0,1.0
0.0,39.74232447874792,4.7414704277118975,-73.44257439346269,0.0,0.0,0.0,1.0
0.0,44.37652900950917,6.556123741182831,-77.38948304796659,0.0,0.0,0.0,1.0
0.0,47.31847008720642,7.6939791452734605,-79.9339483051439,0.0,0.0,0.0,1.0
0.0,49.29385529705546,8.447042650486328,-81.71633977584845,0.0,0.0,0.0,1.0
0.0,54.717021671562264,9.102410932242792,-89.18864352774469,0.0,0.0,0.0,1.0
0.0,52.37198594746429,9.327973815013557,-85.04630038564744,0.0,0.0,0.0,1.0
0.0,52.477331378561296,9.484377780677853,-84.80245062197775,0.0,0.0,0.0,1.0
0.0,51.94615512189659,9.593784501413875,-83.73895771628088,0.0,0.0,0.0,1.0
0.0,52.17592046574623,9.70004226407644,-83.91840041391809,0.0,0.0,0.0,1.0
0.0,52.70073203652212,9.762400457740203,-84.56516785927128,0.0,0.0,0.0,1.0
0.0,57.28329238741329,9.824518416765253,-91.3050637281021,0.0,0.0,0.0,1.0
0.0,57.06749974591069,10.225378897393204,-91.06530019896829,0.0,0.0,0.0,1.0
0.0,47.446037736072064,13.984665622088183,-90.37837387672339,0.0,0.0,0.0,1.0
0.0,50.40971405669913,12.563151684923547,-89.87205712851238,0.0,0.0,0.0,1.0
0.0,55.20834477035725,11.578452672599647,-93.84077703858664,0.0,0.0,0.0,1.0
0.0,58.2208555138139,11.026898567698952,-96.38767299966896,0.0,0.0,0.0,1.0
0.0,56.54171768184913,10.567627684437664,-92.4607260707827,0.0,0.0,0.0,1.0
0.0,55.36361730773656,10.238703044230995,-89.78922235465954,0.0,0.0,0.0,1.0
0.0,58.23859483573698,10.048508489892262,-93.53102011700418,0.0,0.0,0.0,1.0
0.0,60.536459400640275,10.021892263249839,-96.63767277480888,0.0,0.0,0.0,1.0
0.0,58.168121074957426,9.889515044673862,-92.8816592116947,0.0,0.0,0.0,1.0
0.0,56.407349374210504,9.803529390633207,-90.05935301158826,0.0,0.0,0.0,1.0
0.0,59.86990478073586,10.028488799760408,-95.23572314494353,0.0,0.0,0.0,1.0
0.0,47.93416962708257,13.275802308656385,-90.45478368958932,0.0,0.0,0.0,1.0
0.0,49.98055318936608,12.021778944224728,-88.699434227387,0.0,0.0,0.0,1.0
0.0,54.911164417396755,11.21943416880908,-93.10682160074562,0.0,0.0,0.0,1.0
0.0,55.60157401394705,10.903947670454222,-92.27317990543821,0.0,0.0,0.0,1.0
0.0,59.46061719849178,10.806300166849992,-96.815945909773,0.0,0.0,0.0,1.0
0.0,48.42784618282438,14.305816493794879,-94.20435560796157,0.0,0.0,0.0,1.0
0.0,42.20852596385546,17.20513006723811,-94.68257458761443,0.0,0.0,0.0,1.0
0.0,37.179194127216505,18.24997062018196,-92.53899013158971,0.0,0.0,0.0,1.0
0.0,44.48974433354423,15.530394927111349,-92.32632087363126,0.0,0.0,0.0,1.0
0.0,49.54928314329342,14.071636455413591,-92.83708811493955,0.0,0.0,0.0,1.0
0.0,50.94799828025492,12.533299049017344,-90.13620210952486,0.0,0.0,0.0,1.0
0.0,54.06886622518365,12.153414020777777,-91.99103591796158,0.0,0.0,0.0,1.0
0.0,54.61800872114113,11.2797373499209,-90.72768730753383,0.0,0.0,0.0,1.0
0.0,54.308365345866136,10.71885092378812,-88.98140108650577,0.0,0.0,0.0,1.0
0.0,54.92293595678083,6.891989598226493,-92.87315688948232,0.0,0.0,0.0,1.0
0.0,55.55031762231263,4.4496242554951255,-95.70248005031341,0.0,0.0,0.0,1.0
0.0,56.43921554801988,6.7625234897121445,-94.64131592894634,0.0,0.0,0.0,1.0
0.0,44.49436979072741,10.24188112572573,-87.76778871386529,0.0,0.0,0.0,1.0
0.0,47.5866296846245,10.053076331042764,-86.68667896071061,0.0,0.0,0.0,1.0
0.0,50.30702255729568,9.909833331717662,-87.17625914004579,0.0,0.0,0.0,1.0
0.0,51.941835557642676,9.904103130753805,-87.32262254387096,0.0,0.0,0.0,1.0
0.0,52.45104984820459,9.877130764017332,-86.60894837043816,0.0,0.0,0.0,1.0
0.0,56.382776517593314,9.84307182067383,-91.49010336069999,0.0,0.0,0.0,1.0
0.0,46.024187360690874,13.436782141058794,-88.82142323909753,0.0,0.0,0.0,1.0
0.0,41.87192544396987,12.657617545530702,-92.83466568050773,0.0,0.0,0.0,1.0
0.0,46.09448777914065,11.625878512810598,-90.33353850859828,0.0,0.0,0.0,1.0
0.0,51.004733131530124,11.902602488536802,-92.43297369201174,0.0,0.0,0.0,1.0
0.0,55.34315462964137,11.154826472847803,-95.14585116122451,0.0,0.0,0.0,1.0
0.0,45.11519944751693,14.110769438110026,-90.7132510420787,0.0,0.0,0.0,1.0
0.0,38.57772249747643,16.028242471464704,-87.93271124627505,0.0,0.0,0.0,1.0
0.0,44.09123122621793,13.735899580418916,-87.27359557834883,0.0,0.0,0.0,1.0
0.0,51.058792465080685,12.385274441799702,-92.0444969031487,0.0,0.0,0.0,1.0
0.0,51.37168374560057,11.45594479799086,-88.89887308840947,0.0,0.0,0.0,1.0
0.0,51.72654752402308,10.927591171037617,-87.1272142249108,0.0,0.0,0.0,1.0
0.0,55.83830660520968,10.543410516964983,-91.88651821268905,0.0,0.0,0.0,1.0
0.0,45.54717752782916,13.361982323000136,-88.04296612676745,0.0,0.0,0.0,1.0
0.0,49.69930270034786,12.66890027052368,-89.30109400617954,0.0,0.0,0.0,1.0
0.0,54.02039421585658,11.697449790169209,-92.46031985368987,0.0,0.0,0.0,1.0
0.0,56.472674142463816,10.965199823371146,-93.85628304496696,0.0,0.0,0.0,1.0
0.0,51.780281743099,10.501410465353624,-85.37767881038064,0.0,0.0,0.0,1.0
0.0,53.296789617356765,6.7656483670413845,-90.49486233973238,0.0,0.0,0.0,1.0
0.0,53.76003619688174,4.367681529603116,-93.00956141571709,0.0,0.0,0.0,1.0
0.0,45.23648487508902,10.254693268246676,-91.24860570656818,0.0,0.0,0.0,1.0
0.0,47.585822945848385,10.111078905872098,-88.34422461358953,0.0,0.0,0.0,1.0
0.0,49.46756295688045,9.95036751954231,-86.99076822571425,0.0,0.0,0.0,1.0
0.0,51.01638125375099,9.835979380959879,-86.62268233940237,0.0,0.0,0.0,1.0
0.0,51.77265855119236,9.825568193460121,-86.04270198109246,0.0,0.0,0.0,1.0
0.0,52.32184834662115,9.766380551299731,-85.75457508835237,0.0,0.0,0.0,1.0
0.0,53.246298348979444,9.783382865738377,-86.4657322205423,0.0,0.0,0.0,1.0
0.0,45.83148423988922,14.638121124328071,-89.25270059242084,0.0,0.0,0.0,1.0
0.0,48.284201194353685,12.873604116577845,-87.53551186146754,0.0,0.0,0.0,1.0
0.0,53.3677533613403,11.777820807375207,-91.73316821636786,0.0,0.0,0.0,1.0
0.0,52.87909495366807,11.01460948235241,-88.73134394418251,0.0,0.0,0.0,1.0
0.0,52.760402447531305,10.596603165179001,-87.1352656092157,0.0,0.0,0.0,1.0
0.0,52.63075206506511,10.382848952145382,-86.05207165479341,0.0,0.0,0.0,1.0
0.0,51.97811541043976,10.131076443736122,-84.52998438799249,0.0,0.0,0.0,1.0
0.0,51.69738790046932,11.293138137782503,-84.36827180234626,0.0,0.0,0.0,1.0
0.0,48.945296711630895,10.835444885516504,-79.80635335667735,0.0,0.0,0.0,1.0
0.0,50.34204488575277,10.545920489247964,-81.66837445260082,0.0,0.0,0.0,1.0
0.0,42.43259599950045,14.158939478925479,-84.93845891129642,0.0,0.0,0.0,1.0
0.0,45.76703923675768,12.589653272481279,-84.44153965477827,0.0,0.0,0.0,1.0
0.0,48.27986424514785,11.649112479199012,-84.64297017338485,0.0,0.0,0.0,1.0
0.0,52.99626998985441,10.934087916719788,-89.29114658383654,0.0,0.0,0.0,1.0
0.0,53.13022425491497,10.476780400000727,-87.93064878020525,0.0,0.0,0.0,1.0
0.0,53.176655182451285,10.329113320539502,-87.13999787763977,0.0,0.0,0.0,1.0
0.0,53.074562854395545,10.23201756881237,-86.42032324889006,0.0,0.0,0.0,1.0
0.0,52.61946918408287,10.023059828835285,-85.27811229377022,0.0,0.0,0.0,1.0
0.0,52.46727265767884,9.88822206904801,-84.77875082092896,0.0,0.0,0.0,1.0
0.0,52.63957955160245,9.941142838830475,-84.83784001496042,0.0,0.0,0.0,1.0
0.0,52.393250832469,9.839046469948991,-84.28545352511851,0.0,0.0,0.0,1.0
0.0,52.39706560344094,9.837421914647726,-84.28916596574884,0.0,0.0,0.0,1.0
0.0,52.806784226044215,9.796472285180387,-84.82765101831697,0.0,0.0,0.0,1.0
0.0,52.08348868494307,9.735562942695955,-83.62755849237759,0.0,0.0,0.0,1.0
0.0,51.91218727824435,9.837252525422935,-83.44224508850628,0.0,0.0,0.0,1.0
0.0,52.15843290241094,9.859593884371414,-83.85175561255251,0.0,0.0,0.0,1.0
0.0,52.319419596124156,9.875545104902482,-84.12834488161693,0.0,0.0,0.0,1.0
0.0,55.72172447796067,9.809674642700402,-89.1000374183265,0.0,0.0,0.0,1.0
0.0,54.43055277124819,9.773973503739407,-87.18713543797459,0.0,0.0,0.0,1.0
0.0,45.344196783986334,13.879618619431266,-89.18722108191749,0.0,0.0,0.0,1.0
0.0,47.71594725253571,12.386681134046547,-87.1548436327566,0.0,0.0,0.0,1.0
0.0,52.84941017640946,11.448101836591373,-91.18251359099773,0.0,0.0,0.0,1.0
0.0,56.13852378014135,10.843922584459081,-93.74857108315649,0.0,0.0,0.0,1.0
0.0,56.73304860200497,11.229736516248966,-93.44086142708943,0.0,0.0,0.0,1.0
0.0,55.005567392315896,10.673940640064188,-89.82724313578686,0.0,0.0,0.0,1.0
0.0,57.548319784420684,10.347110496597518,-92.87883652723863,0.0,0.0,0.0,1.0
0.0,57.67131615551587,10.714131499530318,-92.93662206515305,0.0,0.0,0.0,1.0
0.0,55.04124974965357,10.357473077293605,-88.61133606197232,0.0,0.0,0.0,1.0
0.0,53.543433567251924,10.181707159285821,-86.09741060498848,0.0,0.0,0.0,1.0
0.0,56.55853061683941,10.031693092842445,-90.42435745666842,0.0,0.0,0.0,1.0
0.0,55.06337581681751,9.999007095408315,-88.03026633016809,0.0,0.0,0.0,1.0
0.0,54.392977177123704,9.985986931474619,-87.0374147642048,0.0,0.0,0.0,1.0
0.0,54.26051300851549,9.952406383318177,-86.82237270759676,0.0,0.0,0.0,1.0
0.0,44.77647617242618,13.63995769565789,-87.71646622114937,0.0,0.0,0.0,1.0
0.0,48.096565464423314,8.778941720370536,-90.85423588321902,0.0,0.0,0.0,1.0
0.0,49.11541677101282,9.089853457056952,-87.55671709919409,0.0,0.0,0.0,1.0
0.0,49.582734493745434,9.32235465830624,-85.21914401660023,0.0,0.0,0.0,1.0
0.0,50.588173696943684,9.506925752445373,-84.75450074320975,0.0,0.0,0.0,1.0
0.0,50.76965076659481,9.590266347286663,-83.73954843826296,0.0,0.0,0.0,1.0
0.0,50.97927100153195,9.66592729565441,-83.2288183707299,0.0,0.0,0.0,1.0
0.0,50.56785268815917,9.669448489030767,-82.07705253761654,0.0,0.0,0.0,1.0
0.0,50.892288270334454,9.748855301571554,-82.24763414479632,0.0,0.0,0.0,1.0
0.0,41.40433335389386,12.543600139217899,-81.62773430635285,0.0,0.0,0.0,1.0
0.0,45.69120952866042,12.049297088447886,-83.14964713210189,0.0,0.0,0.0,1.0
0.0,45.799092914596166,11.724140015084304,-80.13657217985322,0.0,0.0,0.0,1.0
0.0,48.32307915630179,11.085150412608451,-81.66425627637602,0.0,0.0,0.0,1.0
0.0,48.98811674846062,10.62609702828133,-81.18790778299221,0.0,0.0,0.0,1.0
0.0,53.700323855598945,10.303850262309501,-87.27372118311223,0.0,0.0,0.0,1.0
0.0,50.1156581557845,10.14216877085066,-81.35386516903169,0.0,0.0,0.0,1.0
0.0,54.5564179530523,10.038497010630456,-87.7037944911498,0.0,0.0,0.0,1.0
0.0,45.81798151787797,14.081529817898378,-88.0161399931329,0.0,0.0,0.0,1.0
0.0,38.70671674750739,15.851288429495245,-85.57356954609727,0.0,0.0,0.0,1.0
0.0,40.05275102474073,13.608227028484105,-79.49000029766547,0.0,0.0,0.0,1.0
0.0,35.00692371842333,15.54754994705201,-80.10198393510784,0.0,0.0,0.0,1.0
0.0,41.75510309467288,13.982338969287472,-82.3876627477655,0.0,0.0,0.0,1.0
0.0,49.05859209354558,12.470719788045303,-88.04365485021559,0.0,0.0,0.0,1.0
0.0,49.835076208415394,12.056885877687547,-86.08383228940214,0.0,0.0,0.0,1.0
0.0,51.79401707502881,7.763433283107888,-90.36799588305831,0.0,0.0,0.0,1.0
0.0,44.53182043165069,13.458578220756252,-92.5646161800553,0.0,0.0,0.0,1.0
0.0,48.40697173887359,8.649973240789599,-94.59050588884149,0.0,0.0,0.0,1.0
0.0,53.6506260741639,9.01008479532667,-96.2813348612991,0.0,0.0,0.0,1.0
0.0,56.77545056235715,9.26814056482753,-97.03937025397984,0.0,0.0,0.0,1.0
0.0,48.6137038153269,9.945880441368708,-97.7839120793255,0.0,0.0,0.0,1.0
0.0,49.52366711660538,9.897156807562462,-92.03927973211792,0.0,0.0,0.0,1.0
0.0,49.6131061693287,9.799479650784647,-87.57928229383809,0.0,0.0,0.0,1.0
0.0,54.1970301444286,9.813476314241527,-91.51607969542042,0.0,0.0,0.0,1.0
0.0,51.7541759196356,9.745968499978867,-85.99259114347998,0.0,0.0,0.0,1.0
0.0,42.3433911910824,12.953670216952812,-83.85074500240366,0.0,0.0,0.0,1.0
0.0,46.72252708706752,8.338659079958639,-88.55859671865865,0.0,0.0,0.0,1.0
0.0,52.20365635737131,8.830002475854133,-91.81346292890004,0.0,0.0,0.0,1.0
0.0,52.394945653917006,9.624077763964076,-89.27634595280199,0.0,0.0,0.0,1.0
0.0,56.00802113477596,9.72669326680647,-92.66654606572482,0.0,0.0,0.0,1.0
0.0,52.92031075454655,10.218214211602957,-86.9250687473567,0.0,0.0,0.0,1.0
0.0,50.77855459457754,10.649665623358944,-82.99766942031594,0.0,0.0,0.0,1.0
0.0,50.59587784590233,10.272011877356949,-82.04361557485075,0.0,0.0,0.0,1.0
0.0,50.54308180121176,10.05162889666894,-81.52578789535114,0.0,0.0,0.0,1.0
0.0,54.724264238208214,9.948216352434896,-87.49055318763656,0.0,0.0,0.0,1.0
0.0,54.46063125149833,10.4007945879219,-87.17594395742692,0.0,0.0,0.0,1.0
0.0,52.97755282518568,10.164755505251044,-84.8061733037585,0.0,0.0,0.0,1.0
0.0,56.31210286699694,10.046443222599715,-89.65660296950036,0.0,0.0,0.0,1.0
0.0,54.85808598103234,9.941005572767454,-87.43564452280512,0.0,0.0,0.0,1.0
0.0,57.76961046716021,9.958771451348259,-91.77115272709072,0.0,0.0,0.0,1.0
0.0,46.26798575959036,13.188250111522542,-87.34718922428301,0.0,0.0,0.0,1.0
0.0,50.40379027036272,12.508945332856616,-89.15382557387692,0.0,0.0,0.0,1.0
0.0,41.468590804265666,14.844387292451268,-85.50824166111207,0.0,0.0,0.0,1.0
0.0,46.80131449085804,13.05937622215026,-86.93940368119978,0.0,0.0,0.0,1.0
0.0,49.561573511406834,12.484715180380627,-87.13836257096675,0.0,0.0,0.0,1.0
0.0,43.19967260818681,16.63761907183028,-89.89448894986195,0.0,0.0,0.0,1.0
0.0,47.10783725987362,10.702622823920539,-92.19068382032766,0.0,0.0,0.0,1.0
0.0,49.86903176934706,10.975340925184431,-90.6206510983439,0.0,0.0,0.0,1.0
0.0,47.40693167314915,10.58175438988997,-83.06701665026102,0.0,0.0,0.0,1.0
0.0,48.76072276615004,10.269159493480135,-82.65661829501651,0.0,0.0,0.0,1.0
0.0,50.660365061510674,10.028628174968146,-83.88770286424096,0.0,0.0,0.0,1.0
0.0,50.625518241311404,9.970485964440003,-82.8865428034279,0.0,0.0,0.0,1.0
0.0,50.51235893408657,9.857007036908813,-82.0128376079378,0.0,0.0,0.0,1.0
0.0,54.2849419781175,9.817029191360302,-87.16114613683777,0.0,0.0,0.0,1.0
0.0,57.099521352436064,9.810690432508173,-91.10700168229128,0.0,0.0,0.0,1.0
0.0,57.63594574830323,10.498218186047682,-92.035752452964,0.0,0.0,0.0,1.0
0.0,55.26152653063913,10.227222320509176,-88.32781181327236,0.0,0.0,0.0,1.0
0.0,47.72853542887006,10.609657537188811,-92.38736664521171,0.0,0.0,0.0,1.0
0.0,48.9556170048749,10.333977843358365,-88.57608754890222,0.0,0.0,0.0,1.0
0.0,40.1593709129253,12.837151507970631,-86.49715497366752,0.0,0.0,0.0,1.0
0.0,48.21489441997288,11.739923934608417,-90.98658166095669,0.0,0.0,0.0,1.0
0.0,51.02558387596743,11.765363000596063,-90.57209185650756,0.0,0.0,0.0,1.0
0.0,41.48775648384383,13.755732097764296,-87.77807562932745,0.0,0.0,0.0,1.0
0.0,44.869707347172756,12.305756756081166,-85.54063092438714,0.0,0.0,0.0,1.0
0.0,48.96532862393191,11.450330305387025,-87.03458656704136,0.0,0.0,0.0,1.0
0.0,53.69872641433091,10.858849059169252,-91.02578303636653,0.0,0.0,0.0,1.0
0.0,44.17751612029408,14.113734060314444,-87.16608288669056,0.0,0.0,0.0,1.0
0.0,50.974879264992055,12.587460455779341,-91.70257100870828,0.0,0.0,0.0,1.0
0.0,53.39455873807992,12.133405711858426,-91.93053431241651,0.0,0.0,0.0,1.0
0.0,52.24270038152444,11.266828610172414,-87.77621400207494,0.0,0.0,0.0,1.0
0.0,44.25908594284408,15.1002775500572,-88.40317608240709,0.0,0.0,0.0,1.0
0.0,38.39916024563266,17.073323033694983,-86.13273632098691,0.0,0.0,0.0,1.0
0.0,43.01742319540492,14.478198078196595,-84.66640742888146,0.0,0.0,0.0,1.0
0.0,38.53417233974385,17.28816195443151,-87.17295751072587,0.0,0.0,0.0,1.0
0.0,35.561278206477,19.016470932628863,-88.54806493329296,0.0,0.0,0.0,1.0
0.0,30.644995030343537,17.84344063197886,-82.3529024794349,0.0,0.0,0.0,1.0
0.0,29.579901842765132,18.72456712174074,-82.18306387606066,0.0,0.0,0.0,1.0
0.0,27.593070154979312,18.26093125167507,-78.75945097823156,0.0,0.0,0.0,1.0
0.0,35.652749069991444,15.155902338674728,-79.22995049647979,0.0,0.0,0.0,1.0
0.0,44.60947327899472,13.17955917664785,-85.12503220629576,0.0,0.0,0.0,1.0
0.0,47.692650448420856,12.45452977973623,-85.24096375984526,0.0,0.0,0.0,1.0
0.0,48.63021322832887,11.461797806554683,-83.5237694349396,0.0,0.0,0.0,1.0
0.0,53.3385039573229,10.814412285414042,-88.51291060891243,0.0,0.0,0.0,1.0
0.0,56.84570946217816,10.580744733743138,-92.74336524773103,0.0,0.0,0.0,1.0
0.0,53.476597464289334,10.2884576508774,-86.8165751244208,0.0,0.0,0.0,1.0
0.0,52.5909689798218,10.651062423810028,-85.09831818901817,0.0,0.0,0.0,1.0
0.0,51.92508785503142,10.29154754002786,-83.6829582515613,0.0,0.0,0.0,1.0
0.0,51.54791434326088,10.061897703291482,-82.82899682207884,0.0,0.0,0.0,1.0
0.0,53.58284607051817,10.645147748418749,-85.97811211193344,0.0,0.0,0.0,1.0
0.0,56.585239305357725,10.304070646334495,-90.22662384960816,0.0,0.0,0.0,1.0
0.0,59.076931950815286,10.150936800993103,-93.75072996942534,0.0,0.0,0.0,1.0
0.0,60.17534457695606,9.973400990608967,-95.27513021182611,0.0,0.0,0.0,1.0
0.0,56.6449268443009,9.890478899329416,-90.00376477576458,0.0,0.0,0.0,1.0
0.0,54.36459438703004,9.827012016763632,-86.58026093490456,0.0,0.0,0.0,1.0
0.0,53.4922042095707,9.7860834845876,-85.29360953086565,0.0,0.0,0.0,1.0
0.0,53.73370202897337,10.308567129978467,-85.81292757123879,0.0,0.0,0.0,1.0
0.0,53.364563316098454,10.088456882926932,-85.17295011556914,0.0,0.0,0.0,1.0
0.0,55.921438054468354,9.926250381762337,-88.86298872688944,0.0,0.0,0.0,1.0
0.0,47.59905973281735,14.572983316290756,-92.18238152678,0.0,0.0,0.0,1.0
0.0,52.66383857585064,12.823922467221761,-94.06950937752502,0.0,0.0,0.0,1.0
0.0,45.36958126780683,16.433930740054702,-95.41830702703923,0.0,0.0,0.0,1.0
0.0,51.39118276653138,14.070063579929414,-96.40597218103517,0.0,0.0,0.0,1.0
0.0,43.44220448939397,16.69701468483721,-93.57174821866974,0.0,0.0,0.0,1.0
0.0,48.49784911033216,14.769508699045423,-92.97130688833977,0.0,0.0,0.0,1.0
0.0,49.508178517479806,13.014016029326548,-88.99281270315615,0.0,0.0,0.0,1.0
0.0,51.998126919237116,12.441281267656231,-89.44432768144965,0.0,0.0,0.0,1.0
0.0,55.25121123548024,11.475467617290079,-91.9302486388827,0.0,0.0,0.0,1.0
0.0,57.66888180692372,10.849903922714429,-94.0463624111067,0.0,0.0,0.0,1.0
0.0,59.16408011517348,10.447107179778968,-95.32570237345851,0.0,0.0,0.0,1.0
0.0,60.12361231159578,10.188615418968304,-96.1467091103396,0.0,0.0,0.0,1.0
0.0,60.803468877562125,9.996290049250248,-96.73377818300982,0.0,0.0,0.0,1.0
0.0,61.46935023237625,9.978301903148463,-97.51388912551435,0.0,0.0,0.0,1.0
0.0,58.013481727721995,9.86160118397086,-92.26679374320366,0.0,0.0,0.0,1.0
0.0,55.18160620328193,9.79870412388862,-87.95157711835922,0.0,0.0,0.0,1.0
0.0,53.35075318861859,9.746116032399526,-85.16919408750111,0.0,0.0,0.0,1.0
0.0,56.22270662178578,9.764153252033049,-89.43126934567545,0.0,0.0,0.0,1.0
0.0,58.1162879021647,9.76238262121711,-92.22593679464022,0.0,0.0,0.0,1.0
0.0,59.361468419258834,9.801408040176826,-94.09746064098292,0.0,0.0,0.0,1.0
0.0,56.36886764338865,9.780049683897875,-89.65089743684248,0.0,0.0,0.0,1.0
0.0,58.21008563141313,9.772584036038392,-92.3668814596728,0.0,0.0,0.0,1.0
0.0,47.993701400745664,13.375652496151059,-92.4613193145192,0.0,0.0,0.0,1.0
0.0,41.911100994741545,16.733807010751377,-92.65236211668697,0.0,0.0,0.0,1.0
0.0,36.707056553116054,17.390456593475164,-89.44140455952612,0.0,0.0,0.0,1.0
0.0,42.743807877004194,15.21916239887577,-88.22595333961327,0.0,0.0,0.0,1.0
0.0,39.84425313947668,13.8445314172178,-92.71644495146698,0.0,0.0,0.0,1.0
0.0,45.96742513849861,13.322076759926155,-92.37010279789115,0.0,0.0,0.0,1.0
0.0,48.71536955952534,12.585813931641868,-90.15167952581056,0.0,0.0,0.0,1.0
0.0,53.3793734471107,11.574066940333767,-92.82631911260462,0.0,0.0,0.0,1.0
0.0,44.00999975224623,14.625450411278232,-90.59098272247269,0.0,0.0,0.0,1.0
0.0,39.293529732470404,17.077325923021384,-91.41683919361901,0.0,0.0,0.0,1.0
0.0,37.0138022416081,19.213584965197203,-93.7080753691692,0.0,0.0,0.0,1.0
0.0,43.279258094701035,12.355958030454907,-94.94662489660337,0.0,0.0,0.0,1.0
0.0,45.626684105523445,11.367414804347078,-89.53773428547125,0.0,0.0,0.0,1.0
0.0,47.974800737008586,10.796656033021371,-87.37978282792908,0.0,0.0,0.0,1.0
0.0,42.89531174692446,10.925246012984275,-91.51291377672331,0.0,0.0,0.0,1.0
0.0,49.72138750684525,10.481992103480021,-93.76007510315488,0.0,0.0,0.0,1.0
0.0,54.06668149307322,10.237425347927177,-95.34181439586162,0.0,0.0,0.0,1.0
0.0,53.17323771339989,10.02725744061605,-90.77335515542546,0.0,0.0,0.0,1.0
0.0,56.270449100168356,9.946489575323087,-93.30393477519813,0.0,0.0,0.0,1.0
0.0,48.21898129010859,10.379658124087648,-95.31469344604122,0.0,0.0,0.0,1.0
0.0,53.047867380332555,10.15828315032249,-96.13964421450157,0.0,0.0,0.0,1.0
0.0,56.02833194701101,9.97714047824388,-96.4714726739042,0.0,0.0,0.0,1.0
0.0,54.153253219084874,9.8920930450866,-91.07768377457717,0.0,0.0,0.0,1.0
0.0,46.02947873126108,14.992392150283994,-93.46624469069975,0.0,0.0,0.0,1.0
0.0,41.242596226657966,17.820808086204806,-94.76333760389527,0.0,0.0,0.0,1.0
0.0,48.97898258511501,14.949091862312237,-96.53626307987238,0.0,0.0,0.0,1.0
0.0,53.445950172676156,13.129939434876928,-96.86357990753487,0.0,0.0,0.0,1.0
0.0,56.36431453346038,11.910790410478297,-97.07363300406399,0.0,0.0,0.0,1.0
0.0,58.22517260874709,11.103079258830029,-97.14863154486459,0.0,0.0,0.0,1.0
0.0,55.24310770614982,10.562898215030009,-90.9909084726565,0.0,0.0,0.0,1.0
0.0,45.19196465005101,13.432745439525482,-88.31117930953985,0.0,0.0,0.0,1.0
0.0,51.08003096475922,12.164293430952268,-91.59497594373147,0.0,0.0,0.0,1.0
0.0,54.75260834739112,11.26448239135208,-93.5549662119839,0.0,0.0,0.0,1.0
0.0,52.94352944484123,10.720358560657358,-88.6047007409206,0.0,0.0,0.0,1.0
0.0,46.08883886839341,10.877830347634795,-92.37102676551336,0.0,0.0,0.0,1.0
0.0,46.63395956576742,10.509932681979256,-86.69927620137447,0.0,0.0,0.0,1.0
0.0,52.06011935106247,10.281809010702283,-90.74991313212763,0.0,0.0,0.0,1.0
0.0,55.563238084117835,10.14136379151723,-93.2796260665998,0.0,0.0,0.0,1.0
0.0,57.67236301405622,9.980471402135388,-94.71385631146569,0.0,0.0,0.0,1.0
0.0,58.90254966756105,9.946581448867649,-95.42886259430212,0.0,0.0,0.0,1.0
0.0,60.15802369434298,9.94675909385772,-96.61487704895998,0.0,0.0,0.0,1.0
0.0,60.43569335142038,9.853987030989126,-96.58109155913516,0.0,0.0,0.0,1.0
0.0,56.608972125829375,9.803025588466356,-90.53374310908116,0.0,0.0,0.0,1.0
0.0,55.583628786972334,10.387634896099186,-89.08216523450788,0.0,0.0,0.0,1.0
0.0,58.119557365796766,10.176947134549234,-92.60352443466367,0.0,0.0,0.0,1.0
0.0,59.31286156302615,10.003306743178218,-94.279973206919,0.0,0.0,0.0,1.0
0.0,60.261729677317405,9.930677272416794,-95.61476805338332,0.0,0.0,0.0,1.0
0.0,56.44081259991145,9.85267312339043,-89.8738248593671,0.0,0.0,0.0,1.0
0.0,58.51434105300505,9.78328429556447,-92.86641526222617,0.0,0.0,0.0,1.0
0.0,55.66155086551732,9.813398581507139,-88.6073671771452,0.0,0.0,0.0,1.0
0.0,54.44750692366342,9.84304744854052,-86.87096803996171,0.0,0.0,0.0,1.0
0.0,53.47151997897826,9.784252887029893,-85.42355502395965,0.0,0.0,0.0,1.0
0.0,52.845187744955425,9.746521922225622,-84.49468867712676,0.0,0.0,0.0,1.0
0.0,53.908793516067554,10.288319443562424,-86.25506068760184,0.0,0.0,0.0,1.0
0.0,56.79370991425094,10.113582015485981,-90.4648411886514,0.0,0.0,0.0,1.0
0.0,55.87139661306236,9.964283220937697,-88.96028355540915,0.0,0.0,0.0,1.0
0.0,54.62387501001518,9.941149481873127,-87.15534872370115,0.0,0.0,0.0,1.0
0.0,46.284807794587955,14.457300828753429,-89.51040337417285,0.0,0.0,0.0,1.0
0.0,51.78163604959745,12.74968410650276,-92.35478762361622,0.0,0.0,0.0,1.0
0.0,55.33930536864754,11.668107002995304,-94.25851780423427,0.0,0.0,0.0,1.0
0.0,53.24589868815167,12.183191997450379,-89.532613919449,0.0,0.0,0.0,1.0
0.0,54.10425669119061,7.831598740784061,-92.90111926950087,0.0,0.0,0.0,1.0
0.0,45.54156568529737,12.742675089439231,-92.48195896104042,0.0,0.0,0.0,1.0
0.0,37.16063916477585,13.910300034569627,-85.83123754776544,0.0,0.0,0.0,1.0
0.0,31.689914653917796,14.61749223409899,-80.56212526965092,0.0,0.0,0.0,1.0
0.0,39.06961062615787,12.848683317219427,-81.66381238812029,0.0,0.0,0.0,1.0
0.0,45.515337285837056,12.235845897280742,-85.15428152696389,0.0,0.0,0.0,1.0
0.0,47.00131153443602,11.323006067382487,-83.17378339210033,0.0,0.0,0.0,1.0
0.0,49.30581729233045,11.265990082128948,-84.14181243006861,0.0,0.0,0.0,1.0
0.0,49.61099015864782,10.754416896482276,-82.79099664912054,0.0,0.0,0.0,1.0
0.0,50.00635992991782,10.36820998916365,-82.24383833313145,0.0,0.0,0.0,1.0
0.0,42.70562362093988,14.659043898508092,-85.93024072772818,0.0,0.0,0.0,1.0
0.0,45.37249773940074,12.866318917555251,-83.92557101329699,0.0,0.0,0.0,1.0
0.0,48.07651668776613,12.205725329693294,-84.36483426094156,0.0,0.0,0.0,1.0
0.0,52.77977186695344,11.306266203089944,-88.87383742715141,0.0,0.0,0.0,1.0
0.0,49.35876898113358,10.738712979884898,-82.11172847159943,0.0,0.0,0.0,1.0
0.0,53.5231090075724,10.376835566849653,-87.2917826153428,0.0,0.0,0.0,1.0
0.0,56.387969769622444,10.208658997977224,-90.93100454547707,0.0,0.0,0.0,1.0
0.0,55.540689323577176,10.683823952048828,-89.47767200787136,0.0,0.0,0.0,1.0
0.0,53.49536478380517,10.34731033610471,-86.02807516634222,0.0,0.0,0.0,1.0
0.0,51.266571164566734,10.098036401815792,-82.38651657975099,0.0,0.0,0.0,1.0
0.0,52.719172636355765,6.493394575769038,-88.12253364408333,0.0,0.0,0.0,1.0
0.0,45.97116301500678,8.138904776126882,-92.06159968087977,0.0,0.0,0.0,1.0
0.0,41.154778559789065,13.508032001488667,-93.92308857613469,0.0,0.0,0.0,1.0
0.0,38.61190533701755,12.68273236756265,-96.04323878329352,0.0,0.0,0.0,1.0
0.0,46.97254386651339,11.609845668245493,-96.66737688384617,0.0,0.0,0.0,1.0
0.0,49.9929427779236,7.4766902715636006,-97.35114515939891,0.0,0.0,0.0,1.0
0.0,51.29431547960897,10.035549320264245,-93.96898816802364,0.0,0.0,0.0,1.0
0.0,51.11075862173787,9.897612783535575,-89.4299786609105,0.0,0.0,0.0,1.0
0.0,52.01606488995405,10.353885801535549,-88.26487711615991,0.0,0.0,0.0,1.0
0.0,55.23995374729103,10.142230605898074,-91.29945427119281,0.0,0.0,0.0,1.0
0.0,57.565618389215075,10.07032251810848,-93.62308908126147,0.0,0.0,0.0,1.0
0.0,58.8270089110859,9.94742040870737,-94.73804624083493,0.0,0.0,0.0,1.0
0.0,57.13330760005085,10.44912999344904,-91.93702762012548,0.0,0.0,0.0,1.0
0.0,54.928123576181775,10.195720344481854,-88.26445589909542,0.0,0.0,0.0,1.0
0.0,57.55081766561504,10.053265457790921,-91.875929647603,0.0,0.0,0.0,1.0
0.0,54.87405057665217,9.964281088435577,-87.70074304365154,0.0,0.0,0.0,1.0
0.0,57.47757733629075,9.892161557679984,-91.45328391276261,0.0,0.0,0.0,1.0
0.0,53.892204712727114,9.836453786719074,-85.98867519296978,0.0,0.0,0.0,1.0
0.0,53.27781446557597,9.817734066384718,-85.03814490166243,0.0,0.0,0.0,1.0
0.0,52.543097124221475,9.825389481899624,-83.90176604824059,0.0,0.0,0.0,1.0
0.0,51.9823907488962,9.795439592596065,-83.10788760821528,0.0,0.0,0.0,1.0
0.0,43.08616161569525,13.43673363549757,-84.24911470277449,0.0,0.0,0.0,1.0
0.0,46.25836605318009,12.07274728799805,-83.77764472851543,0.0,0.0,0.0,1.0
0.0,42.40651124923032,11.835614001209297,-90.55584767370746,0.0,0.0,0.0,1.0
0.0,37.84182787738169,15.501362734707481,-92.29456582007906,0.0,0.0,0.0,1.0
0.0,42.908898824050766,13.40823507286808,-88.98396562704285,0.0,0.0,0.0,1.0
0.0,49.78559851984093,12.109768349516234,-92.28643864401526,0.0,0.0,0.0,1.0
0.0,51.58879303580536,11.208066815736053,-92.96641265304174,0.0,0.0,0.0,1.0
0.0,51.746112872398434,10.673077080775197,-89.49236339285824,0.0,0.0,0.0,1.0
0.0,51.83320985051483,10.328194227600179,-87.2495708023675,0.0,0.0,0.0,1.0
0.0,51.772800267993254,10.107425065372547,-85.58021908350275,0.0,0.0,0.0,1.0
0.0,51.48480409672065,9.9783590623751,-84.11051335164993,0.0,0.0,0.0,1.0
0.0,51.76020353542426,9.897313078306057,-83.87648349165048,0.0,0.0,0.0,1.0
0.0,51.964334980213295,9.878140325239633,-83.77005231596252,0.0,0.0,0.0,1.0
0.0,55.571876744399496,9.824344294188625,-88.87010587641177,0.0,0.0,0.0,1.0
0.0,57.7924376849916,9.776009398852853,-92.00387892396903,0.0,0.0,0.0,1.0
0.0,59.31201753939328,9.758802545259506,-94.1541017761858,0.0,0.0,0.0,1.0
0.0,55.838251784826525,9.711166178920696,-88.89677076940468,0.0,0.0,0.0,1.0
0.0,54.49526854112472,9.7124524278817,-86.88070151917042,0.0,0.0,0.0,1.0
0.0,54.097809298792384,10.243525684462659,-86.47477359098417,0.0,0.0,0.0,1.0
0.0,56.69428379379453,10.059423766737446,-90.28728732263649,0.0,0.0,0.0,1.0
0.0,48.563954209770955,10.43458520479223,-93.51525803650671,0.0,0.0,0.0,1.0
0.0,53.179608854354555,10.193997666832955,-94.92487278843929,0.0,0.0,0.0,1.0
0.0,53.24211697182332,10.518420650911574,-91.63705961271856,0.0,0.0,0.0,1.0
0.0,52.55634067479945,10.262304205524977,-88.21174875313967,0.0,0.0,0.0,1.0
0.0,52.49921787881854,10.086673144591344,-86.61708291098807,0.0,0.0,0.0,1.0
0.0,52.746788343987184,10.411323086511937,-86.22951078858449,0.0,0.0,0.0,1.0
0.0,56.112422900780075,10.179047376063057,-90.50913174955939,0.0,0.0,0.0,1.0
0.0,55.21043582531804,10.206150393190269,-88.841144711531,0.0,0.0,0.0,1.0
0.0,58.60621939467955,10.063182401356716,-93.49909034070484,0.0,0.0,0.0,1.0
0.0,56.13028656634562,9.937355731886655,-89.5908009415202,0.0,0.0,0.0,1.0
0.0,45.756009311064716,6.508693723342585,-89.76434912628177,0.0,0.0,0.0,1.0
0.0,49.046776631518085,8.058756829939325,-89.08006644996824,0.0,0.0,0.0,1.0
0.0,50.068523295041224,8.629295856987527,-86.89784079789096,0.0,0.0,0.0,1.0
0.0,54.35000383930068,9.021065405720114,-90.85877892516157,0.0,0.0,0.0,1.0
0.0,54.1870584970511,9.837818967366962,-89.27470423209162,0.0,0.0,0.0,1.0
0.0,51.68798847258596,9.761459894104188,-84.43395432262834,0.0,0.0,0.0,1.0
0.0,51.258769961663724,9.76635900595653,-83.10057957252856,0.0,0.0,0.0,1.0
0.0,55.188270485218695,9.792642206449255,-88.5807203190803,0.0,0.0,0.0,1.0
0.0,57.68446454426613,9.796894084514932,-92.03657521164622,0.0,0.0,0.0,1.0
0.0,55.707468743329564,9.778111652215987,-88.93945973079266,0.0,0.0,0.0,1.0
0.0,54.932995864872396,10.274847038350316,-87.88794640336835,0.0,0.0,0.0,1.0
0.0,54.4978283427914,10.619164081249755,-87.32167662272566,0.0,0.0,0.0,1.0
0.0,57.038411991820425,10.324936937680748,-91.01018617124436,0.0,0.0,0.0,1.0
0.0,47.324427179709105,14.285135149768022,-90.81857701832396,0.0,0.0,0.0,1.0
0.0,49.058993184882176,12.658406382121235,-88.15781860986004,0.0,0.0,0.0,1.0
0.0,50.15822113684889,11.612898917818322,-86.43689039779917,0.0,0.0,0.0,1.0
0.0,51.360396469771274,11.47513137493131,-86.2819414771073,0.0,0.0,0.0,1.0
0.0,52.450040317962156,10.825116038958994,-86.41663272632258,0.0,0.0,0.0,1.0
0.0,52.88697354572664,10.949103994971733,-86.33108517214684,0.0,0.0,0.0,1.0
0.0,51.92093294106628,10.506376658634103,-84.22334659961493,0.0,0.0,0.0,1.0
0.0,52.34508497661029,10.716116919847874,-84.61684305313857,0.0,0.0,0.0,1.0
0.0,49.10822047478722,10.359636799128888,-79.41077574502528,0.0,0.0,0.0,1.0
0.0,47.240270784356085,10.245572692122112,-76.45432544867677,0.0,0.0,0.0,1.0
0.0,45.832244607776566,10.057668602768334,-74.17254185850288,0.0,0.0,0.0,1.0
0.0,51.74453327265494,9.979167119816927,-82.91240550330657,0.0,0.0,0.0,1.0
0.0,55.55222993514982,9.890041811104775,-88.45996103453987,0.0,0.0,0.0,1.0
0.0,53.499949853831055,9.815139223705819,-85.36196180412557,0.0,0.0,0.0,1.0
0.0,56.47426005631409,9.764011863177977,-89.82194908592827,0.0,0.0,0.0,1.0
0.0,45.796235949626364,13.396564181247143,-88.00939406902049,0.0,0.0,0.0,1.0
0.0,51.67744868905922,12.12043197725871,-91.7122456488418,0.0,0.0,0.0,1.0
0.0,55.35725741311343,11.24899364909826,-93.8879948232452,0.0,0.0,0.0,1.0
0.0,57.80069833111141,10.716616118859207,-95.42390590794182,0.0,0.0,0.0,1.0
0.0,56.118379908813594,10.851036502040667,-91.80471720667312,0.0,0.0,0.0,1.0
0.0,55.495029514998535,11.111278698104744,-90.19658020516864,0.0,0.0,0.0,1.0
0.0,56.36400003397977,11.617840370603414,-91.35149665584224,0.0,0.0,0.0,1.0
0.0,54.90659312647786,11.147068333401403,-88.68989163062709,0.0,0.0,0.0,1.0
0.0,55.04207302533636,7.179659029167235,-92.16767686961346,0.0,0.0,0.0,1.0
0.0,45.51262310272423,12.340086290371175,-90.59068762481935,0.0,0.0,0.0,1.0
0.0,47.13798587207136,11.378608713132751,-86.87594870416396,0.0,0.0,0.0,1.0
0.0,52.0190112252486,10.761110668791996,-90.21409160722678,0.0,0.0,0.0,1.0
0.0,51.628060361183,10.383981121811875,-87.10392573879184,0.0,0.0,0.0,1.0
0.0,51.01327394873596,10.122178601819073,-84.58495401060449,0.0,0.0,0.0,1.0
0.0,50.987192362808464,9.995201408385167,-83.53345291274516,0.0,0.0,0.0,1.0
0.0,51.86372614283114,10.459460258246363,-84.37262762242558,0.0,0.0,0.0,1.0
0.0,50.23192839302478,10.17964697970788,-81.36029842050762,0.0,0.0,0.0,1.0
0.0,50.206403357534214,10.012583443490005,-81.03338182809881,0.0,0.0,0.0,1.0
0.0,47.718335010922104,9.918766599156294,-77.12059084219514,0.0,0.0,0.0,1.0
0.0,48.3531552249966,9.833343595274076,-77.95275774298516,0.0,0.0,0.0,1.0
0.0,40.05662113393984,12.973407640395028,-78.51319525613434,0.0,0.0,0.0,1.0
0.0,34.7669693294227,15.028775621940623,-78.931954698835,0.0,0.0,0.0,1.0
0.0,31.454470425943907,16.40016807495177,-79.56052282931262,0.0,0.0,0.0,1.0
0.0,29.158808288523687,17.153819793239254,-79.31098191111403,0.0,0.0,0.0,1.0
0.0,37.57631278498724,14.990331247029571,-81.26838769083271,0.0,0.0,0.0,1.0
0.0,46.20506277451442,13.104195074211864,-87.1255338195459,0.0,0.0,0.0,1.0
0.0,48.06090328221583,11.95373067640914,-85.40174885896684,0.0,0.0,0.0,1.0
0.0,46.31382414877549,11.154530445743728,-79.81908684816693,0.0,0.0,0.0,1.0
0.0,47.84691860223322,10.693025224197967,-80.27553927248336,0.0,0.0,0.0,1.0
0.0,52.852324128126135,10.347777439641806,-86.567040895491,0.0,0.0,0.0,1.0
0.0,52.58434907164899,10.131636875459535,-85.42942748501589,0.0,0.0,0.0,1.0
0.0,55.956072066725746,10.01258753235738,-89.99568434572127,0.0,0.0,0.0,1.0
0.0,44.84400713649999,13.09328260703976,-85.32373824313906,0.0,0.0,0.0,1.0
0.0,37.8380632969068,15.081991694721175,-83.06761679603692,0.0,0.0,0.0,1.0
0.0,33.63241335116372,16.562313211989178,-82.64599354660578,0.0,0.0,0.0,1.0
0.0,37.07109658947126,14.102453356283267,-78.11505680289604,0.0,0.0,0.0,1.0
0.0,41.52312528272462,12.509217166410153,-78.60383506527607,0.0,0.0,0.0,1.0
0.0,43.60059871360802,11.5062318306035,-77.70625589126355,0.0,0.0,0.0,1.0
0.0,44.828778075267614,10.861254397936829,-77.00175552668985,0.0,0.0,0.0,1.0
0.0,45.815169212404776,10.489139314333393,-76.83616272149025,0.0,0.0,0.0,1.0
0.0,48.254157747862095,10.657080099084332,-79.68019120902457,0.0,0.0,0.0,1.0
0.0,52.7338793447889,10.297550449191208,-85.65473222638033,0.0,0.0,0.0,1.0
0.0,50.66806396420585,10.084176628425103,-82.09158313068276,0.0,0.0,0.0,1.0
0.0,54.95700729457045,9.957321865565433,-88.1981433474888,0.0,0.0,0.0,1.0
0.0,54.15999821323524,10.349756749119502,-87.01655402786915,0.0,0.0,0.0,1.0
0.0,50.23523078530461,10.115592272155364,-80.91983090880854,0.0,0.0,0.0,1.0
0.0,51.314325203244366,10.534290606377835,-82.6336320190188,0.0,0.0,0.0,1.0
0.0,50.43109384575587,10.668487807567622,-81.28145881852788,0.0,0.0,0.0,1.0
0.0,51.15700524823072,10.792271485564603,-82.42822546370763,0.0,0.0,0.0,1.0
0.0,48.97935169475674,10.720948336866059,-79.07072287577212,0.0,0.0,0.0,1.0
0.0,47.63489492296225,10.696220619323293,-76.99414508013747,0.0,0.0,0.0,1.0
0.0,39.62618765736951,13.545676205554809,-77.66402841676592,0.0,0.0,0.0,1.0
0.0,43.72400920642703,12.20384387121787,-79.1892914940666,0.0,0.0,0.0,1.0
0.0,45.01033206708581,11.29869973078188,-78.11018763268147,0.0,0.0,0.0,1.0
0.0,47.19987383861817,10.896358325928452,-79.5962591068273,0.0,0.0,0.0,1.0
0.0,49.063094467176114,10.925126183555255,-81.28704190240728,0.0,0.0,0.0,1.0
0.0,53.6327957836154,10.496726473422159,-87.21616505167998,0.0,0.0,0.0,1.0
0.0,44.292838178340176,14.014051259649737,-85.06019168282666,0.0,0.0,0.0,1.0
0.0,47.186338653606995,12.925882024407997,-84.79347927384136,0.0,0.0,0.0,1.0
0.0,52.8014077466235,11.793648661529511,-89.99416718967247,0.0,0.0,0.0,1.0
0.0,51.04113172344617,11.119460664575504,-85.38314749023036,0.0,0.0,0.0,1.0
0.0,54.75742720480266,10.621065949077218,-89.64635095744032,0.0,0.0,0.0,1.0
0.0,57.47994130505275,10.312706240232092,-92.82383881848966,0.0,0.0,0.0,1.0
0.0,59.42042658773846,10.10348562552772,-95.1475896416794,0.0,0.0,0.0,1.0
0.0,60.00448242604341,9.955866975383266,-95.71638293578289,0.0,0.0,0.0,1.0
0.0,60.85253840776734,9.887679112167053,-96.73800243864112,0.0,0.0,0.0,1.0
0.0,58.254165259043404,9.829968475942861,-92.87789611390185,0.0,0.0,0.0,1.0
0.0,55.596968026149874,9.775609254744317,-88.81340211729413,0.0,0.0,0.0,1.0
0.0,53.59602928308989,9.710015863667964,-85.72226375698706,0.0,0.0,0.0,1.0
0.0,51.41867055241072,9.718442819302094,-82.46119647055859,0.0,0.0,0.0,1.0
0.0,42.64831163433671,13.371299031890008,-81.58449920193274,0.0,0.0,0.0,1.0
0.0,37.40323190243353,15.985029450614014,-81.81985850778115,0.0,0.0,0.0,1.0
0.0,41.891267585660884,13.717723395837437,-81.24733550905695,0.0,0.0,0.0,1.0
0.0,45.514147078334204,12.30376769569566,-82.00214017673011,0.0,0.0,0.0,1.0
0.0,47.38405821452347,11.399469076616187,-81.73124377831888,0.0,0.0,0.0,1.0
0.0,40.05912970647784,14.450084908000495,-81.11605758706159,0.0,0.0,0.0,1.0
0.0,43.55712619538118,12.731569928250964,-80.74228494937314,0.0,0.0,0.0,1.0
0.0,46.507451985322696,11.661476757705632,-81.50374371574878,0.0,0.0,0.0,1.0
0.0,47.88065223962462,10.953551858771915,-81.22013909577986,0.0,0.0,0.0,1.0
0.0,48.72283257794113,10.498104284060874,-80.98408061623509,0.0,0.0,0.0,1.0
0.0,50.22656871005466,10.674642909528341,-82.47715506422567,0.0,0.0,0.0,1.0
0.0,50.039504444652316,10.669948139485049,-81.61575895252184,0.0,0.0,0.0,1.0
0.0,48.998468116718506,10.284954436203115,-79.55494604853986,0.0,0.0,0.0,1.0
0.0,48.3730116297679,10.057579632554138,-78.26858773788585,0.0,0.0,0.0,1.0
0.0,46.55203932428861,9.936941153068808,-75.302745720768,0.0,0.0,0.0,1.0
0.0,46.80303447045795,9.834244742387705,-75.53977036454987,0.0,0.0,0.0,1.0
0.0,40.17797924141634,13.7230815078589,-78.32417402692957,0.0,0.0,0.0,1.0
0.0,44.24145683220721,13.698436822293298,-80.5222126614971,0.0,0.0,0.0,1.0
0.0,45.47130789779864,12.3095177385382,-79.1321907370837,0.0,0.0,0.0,1.0
0.0,49.38339106641805,12.270103695158195,-83.42569999120593,0.0,0.0,0.0,1.0
0.0,49.63658556911268,11.322575184581533,-82.31830095374389,0.0,0.0,0.0,1.0
0.0,49.91427153842249,10.74633699548506,-81.78379431887808,0.0,0.0,0.0,1.0
0.0,49.26100520425707,10.538973659381597,-80.30591804129108,0.0,0.0,0.0,1.0
0.0,54.190933649334866,10.263268523064303,-87.1957047260122,0.0,0.0,0.0,1.0
0.0,52.76062986946606,10.035801675845665,-84.79140122073925,0.0,0.0,0.0,1.0
0.0,51.98448649475207,9.939392269674446,-83.52758282491418,0.0,0.0,0.0,1.0
0.0,51.48894599801079,9.87905448981242,-82.72928581814165,0.0,0.0,0.0,1.0
0.0,55.34852098759909,9.825306489052496,-88.40363116916913,0.0,0.0,0.0,1.0
0.0,55.41764621752633,10.205873113696567,-88.59772883780437,0.0,0.0,0.0,1.0
0.0,55.17479323089996,10.228411801612342,-88.29030461801337,0.0,0.0,0.0,1.0
0.0,53.89531872495379,10.043390448797487,-86.24810213186348,0.0,0.0,0.0,1.0
0.0,52.730393599244394,9.956214274378285,-84.51691311498071,0.0,0.0,0.0,1.0
0.0,52.538885747607665,9.86844112872529,-84.20176755211156,0.0,0.0,0.0,1.0
0.0,55.92689632265666,9.83065698899606,-89.20784287654637,0.0,0.0,0.0,1.0
0.0,57.935651250301376,9.769450721132445,-92.17889802432009,0.0,0.0,0.0,1.0
0.0,47.74316497772094,13.315815016821103,-92.18484740160423,0.0,0.0,0.0,1.0
0.0,49.80535279923381,12.241930686245885,-89.91652254690855,0.0,0.0,0.0,1.0
0.0,51.06784948732331,11.528581664716574,-88.35400921343697,0.0,0.0,0.0,1.0
0.0,51.29165974637802,10.85494105648606,-86.37528547116379,0.0,0.0,0.0,1.0
0.0,55.1702088640357,10.465119236316683,-90.68223804165761,0.0,0.0,0.0,1.0
0.0,44.99930870019929,13.293268660210662,-87.54813659838601,0.0,0.0,0.0,1.0
0.0,51.38998515878883,12.044023894814476,-91.84334366508648,0.0,0.0,0.0,1.0
0.0,44.56838957738755,15.8888130734945,-93.36330206849446,0.0,0.0,0.0,1.0
0.0,39.752486835987774,18.00842845579589,-93.1835487421757,0.0,0.0,0.0,1.0
0.0,36.69833263414517,19.410887292474428,-93.19528515260241,0.0,0.0,0.0,1.0
0.0,34.701937365023255,20.26869292550101,-93.07572515820529,0.0,0.0,0.0,1.0
0.0,40.500445339409865,16.486511799454323,-88.99520642479216,0.0,0.0,0.0,1.0
0.0,48.16299558935045,14.065216665727212,-92.22330897397224,0.0,0.0,0.0,1.0
0.0,42.07161964827464,16.850470878280195,-92.45196680293876,0.0,0.0,0.0,1.0
0.0,45.01103001969387,14.27130107660788,-88.27802472784843,0.0,0.0,0.0,1.0
0.0,48.228097175962134,13.210303488303762,-87.7751422916272,0.0,0.0,0.0,1.0
0.0,42.376563068448725,16.528990931646945,-90.26927107727887,0.0,0.0,0.0,1.0
0.0,46.315130588687474,14.618286153395584,-88.69528794276924,0.0,0.0,0.0,1.0
0.0,40.7677636139154,17.140980030171985,-89.83622246239536,0.0,0.0,0.0,1.0
0.0,41.403295428013436,14.473514487625442,-82.39639863941655,0.0,0.0,0.0,1.0
0.0,44.800991150433546,12.767499903525271,-82.14182946847441,0.0,0.0,0.0,1.0
0.0,38.4047186776007,14.782699344818754,-82.26702502708,0.0,0.0,0.0,1.0
0.0,42.54175418903926,12.933917633464267,-81.52117581211462,0.0,0.0,0.0,1.0
0.0,49.65860703897075,11.811453363876142,-87.68972433066483,0.0,0.0,0.0,1.0
0.0,47.66543969692112,11.215595042834288,-81.93787037500555,0.0,0.0,0.0,1.0
0.0,48.463308576590684,11.051001166234316,-81.4040342579695,0.0,0.0,0.0,1.0
0.0,53.191709914709364,10.550254509025637,-87.21258397722984,0.0,0.0,0.0,1.0
0.0,52.880521064953236,10.276232330478628,-85.96913501124355,0.0,0.0,0.0,1.0
0.0,56.526916331277526,10.133878671176893,-90.89265013371583,0.0,0.0,0.0,1.0
0.0,58.67240764536228,10.027225338457338,-93.76538941427292,0.0,0.0,0.0,1.0
0.0,55.5257674961589,9.923257722948138,-88.93224190810355,0.0,0.0,0.0,1.0
0.0,57.990999296383386,9.879385155479314,-92.44571989973365,0.0,0.0,0.0,1.0
0.0,49.301711008628786,10.298686885319684,-94.83597173610407,0.0,0.0,0.0,1.0
0.0,53.90096234150214,10.106294239971872,-96.09315019294318,0.0,0.0,0.0,1.0
0.0,46.67428508848701,10.423704507323238,-97.16882148118601,0.0,0.0,0.0,1.0
0.0,49.2207671069029,10.176450806508674,-93.27760795237222,0.0,0.0,0.0,1.0
0.0,54.09380954999949,10.01604473232062,-95.43879254854508,0.0,0.0,0.0,1.0
0.0,52.71701119462428,9.961865486034702,-90.16285120293628,0.0,0.0,0.0,1.0
0.0,56.015153649652454,9.864558032816792,-93.03332318706676,0.0,0.0,0.0,1.0
0.0,58.440878426800616,9.815889905674828,-95.28202464952275,0.0,0.0,0.0,1.0
0.0,56.49802181352249,9.91395621206043,-91.64540729871027,0.0,0.0,0.0,1.0
0.0,59.574597020118375,9.89328594463837,-95.69442878742082,0.0,0.0,0.0,1.0
0.0,54.052254810913894,10.090196563918372,-87.08179546711456,0.0,0.0,0.0,1.0
0.0,49.57246417780829,10.171813704551296,-80.13819578743991,0.0,0.0,0.0,1.0
0.0,54.10555449435357,9.98702491520911,-86.74081875521084,0.0,0.0,0.0,1.0
0.0,53.09821782176696,9.920544103356413,-85.1548608785288,0.0,0.0,0.0,1.0
0.0,55.43313523301616,10.208937283167852,-88.71894432066715,0.0,0.0,0.0,1.0
0.0,45.886336765907004,13.789183335668524,-87.85515842673428,0.0,0.0,0.0,1.0
0.0,48.02545886500235,12.439718673725176,-86.25606716029131,0.0,0.0,0.0,1.0
0.0,46.136776911478776,11.539028601647436,-80.25954763781914,0.0,0.0,0.0,1.0
0.0,41.111471249873695,10.85027494607641,-86.74086191132095,0.0,0.0,0.0,1.0
0.0,43.372544280699174,6.986181161286339,-86.8494083096435,0.0,0.0,0.0,1.0
0.0,47.55043842210501,8.207284005778877,-87.40323019998202,0.0,0.0,0.0,1.0
0.0,49.42798151693771,8.829275330917229,-86.43182810822553,0.0,0.0,0.0,1.0
0.0,50.460877055078726,9.145527541237529,-85.57722372872622,0.0,0.0,0.0,1.0
0.0,43.202717645791864,14.090638968380354,-88.80895985487932,0.0,0.0,0.0,1.0
0.0,36.87501673035021,15.318621816404473,-84.95512539995939,0.0,0.0,0.0,1.0
0.0,32.67776594979909,16.04664162378355,-82.23737054705197,0.0,0.0,0.0,1.0
0.0,33.05261730246612,14.046911746009672,-88.54401769312071,0.0,0.0,0.0,1.0
0.0,38.13504321592664,9.03752483088869,-87.90694011761899,0.0,0.0,0.0,1.0
0.0,42.992989481030605,9.271596791573634,-86.12502650059857,0.0,0.0,0.0,1.0
0.0,39.12594044381221,13.85236218186665,-90.68326197466448,0.0,0.0,0.0,1.0
0.0,37.295391538423885,8.907291159577504,-82.01278637026473,0.0,0.0,0.0,1.0
0.0,33.01618712157788,11.89100605063619,-80.81707354109422,0.0,0.0,0.0,1.0
0.0,31.37132277876531,14.815941987359466,-82.41404902864191,0.0,0.0,0.0,1.0
0.0,29.09178718629245,15.581634093696447,-80.51919327000802,0.0,0.0,0.0,1.0
0.0,38.94325778493388,10.025940839027625,-87.50847387768063,0.0,0.0,0.0,1.0
0.0,36.75447713312579,9.894518304879588,-91.02060963174493,0.0,0.0,0.0,1.0
0.0,43.25453188219621,10.214268410247257,-89.98288467445595,0.0,0.0,0.0,1.0
0.0,47.17438790207287,10.297448456384277,-88.88543867907624,0.0,0.0,0.0,1.0
0.0,41.96789852122302,9.947643993102451,-91.71926076325715,0.0,0.0,0.0,1.0
0.0,38.59708434589454,9.671676944780883,-93.46910670369844,0.0,0.0,0.0,1.0
0.0,34.2978688882039,12.79761504212637,-88.82490993973485,0.0,0.0,0.0,1.0
0.0,30.48975882997176,13.976012265390061,-83.28775944829987,0.0,0.0,0.0,1.0
0.0,28.178109443544948,14.736450976137526,-80.20550467739189,0.0,0.0,0.0,1.0
0.0,29.01984730252786,16.798289592286554,-85.29630291730037,0.0,0.0,0.0,1.0
0.0,28.019705548324378,17.263030139180753,-83.29243025348012,0.0,0.0,0.0,1.0
0.0,29.415970234064304,14.062984009202827,-87.4536610744067,0.0,0.0,0.0,1.0
0.0,30.285930899654474,11.991640316366059,-90.06523476448331,0.0,0.0,0.0,1.0
0.0,39.61710295134341,11.546126655846553,-89.93646344815562,0.0,0.0,0.0,1.0
0.0,34.704513459493576,13.779151805930589,-86.14196785380857,0.0,0.0,0.0,1.0
0.0,32.181346823936494,15.695787252551312,-85.07713356817162,0.0,0.0,0.0,1.0
0.0,30.592336290118457,17.410859545918953,-86.17236120407398,0.0,0.0,0.0,1.0
0.0,27.613584772524387,16.991483350606128,-81.54796140157418,0.0,0.0,0.0,1.0
0.0,25.874950473688227,16.243910287625624,-77.91812333885711,0.0,0.0,0.0,1.0
0.0,35.68591466847432,13.845143703773736,-80.33502606273198,0.0,0.0,0.0,1.0
0.0,34.113122492750406,11.386857788688319,-84.91228311407522,0.0,0.0,0.0,1.0
0.0,40.725179165408136,10.705511306267262,-84.3772223899147,0.0,0.0,0.0,1.0
0.0,33.81548867977863,9.63094266711568,-89.47572774929795,0.0,0.0,0.0,1.0
0.0,39.69884555434892,9.619661207402304,-86.12363826384453,0.0,0.0,0.0,1.0
0.0,45.73219400563494,9.527651437609912,-87.15872822186067,0.0,0.0,0.0,1.0
0.0,38.67516894324166,12.460643122976007,-84.82912241506816,0.0,0.0,0.0,1.0
0.0,34.92585345653389,15.17945236845073,-87.53385369052452,0.0,0.0,0.0,1.0
0.0,32.08642428549405,16.144101627399245,-85.9034537470776,0.0,0.0,0.0,1.0
0.0,28.84415656839404,15.701613619286494,-80.90340187920492,0.0,0.0,0.0,1.0
0.0,26.164341295284693,14.893957049289819,-76.34623773644155,0.0,0.0,0.0,1.0
0.0,38.313545262225276,13.025260299259747,-82.79019950447045,0.0,0.0,0.0,1.0
0.0,31.833311629845895,13.46552737339244,-77.04671578894454,0.0,0.0,0.0,1.0
0.0,30.510244599362192,10.287584255996183,-80.09722787142333,0.0,0.0,0.0,1.0
0.0,27.89219349679182,12.007490505879298,-77.34824336167651,0.0,0.0,0.0,1.0
0.0,27.876122221525904,9.212878977378303,-80.00585608469831,0.0,0.0,0.0,1.0
0.0,27.802866546874444,7.345313690513644,-81.57088322428085,0.0,0.0,0.0,1.0
0.0,37.94273655869165,8.066796423948187,-83.89137073026669,0.0,0.0,0.0,1.0
0.0,33.50073014089692,11.062856619112617,-83.07738426520271,0.0,0.0,0.0,1.0
0.0,30.05780079372428,12.686536022873252,-79.70970703909762,0.0,0.0,0.0,1.0
0.0,26.811736722576285,12.8782863718259,-74.99159946469466,0.0,0.0,0.0,1.0
0.0,35.92507072293512,8.276635071943875,-80.77443369023189,0.0,0.0,0.0,1.0
0.0,27.907833035955562,8.22903386745971,-70.9100571664917,0.0,0.0,0.0,1.0
0.0,26.015286309424898,11.081200324610764,-72.04964726453798,0.0,0.0,0.0,1.0
0.0,23.35524941424998,10.932998503970609,-73.60773909953615,0.0,0.0,0.0,1.0
0.0,35.85549155182432,10.382468501112552,-79.81430102405812,0.0,0.0,0.0,1.0
0.0,32.07689944534905,12.258726843764931,-80.41599538849671,0.0,0.0,0.0,1.0
0.0,27.548065766288914,12.267276267422536,-76.54002682753534,0.0,0.0,0.0,1.0
0.0,22.92090395187291,11.219309967046861,-68.28456366310226,0.0,0.0,0.0,1.0
0.0,34.17338357690995,10.615151015429456,-74.30426937243108,0.0,0.0,0.0,1.0
0.0,29.712073253787246,11.439536523194462,-78.87977799952333,0.0,0.0,0.0,1.0
0.0,26.738119173513855,12.702168800147781,-76.12626016093795,0.0,0.0,0.0,1.0
0.0,24.596246909886695,12.347371766622363,-73.75190822742597,0.0,0.0,0.0,1.0
0.0,22.93547773627796,11.992294876928682,-70.57808603492036,0.0,0.0,0.0,1.0
0.0,22.369963450387132,12.97663505720002,-70.84458438637128,0.0,0.0,0.0,1.0
0.0,22.881442193272008,12.563279836151148,-74.86289811123896,0.0,0.0,0.0,1.0
0.0,31.668166456321146,11.409490524664319,-74.89907895007117,0.0,0.0,0.0,1.0
0.0,25.64831657784975,10.327519218872714,-69.59118382378396,0.0,0.0,0.0,1.0
0.0,22.35083096097748,9.568488151293892,-70.19137860011263,0.0,0.0,0.0,1.0
0.0,21.681604690972897,11.161329336235845,-69.87303889447115,0.0,0.0,0.0,1.0
0.0,20.806627927130886,10.939299323751328,-68.3084383666115,0.0,0.0,0.0,1.0
0.0,21.439317034510424,11.573337846850261,-70.30238308737637,0.0,0.0,0.0,1.0
0.0,20.807745944246566,11.128166447056978,-68.93693784962383,0.0,0.0,0.0,1.0
0.0,19.805308509479183,10.703099409363512,-65.56247119957293,0.0,0.0,0.0,1.0
0.0,17.80673280999285,9.792364579991846,-62.34142164049514,0.0,0.0,0.0,1.0
0.0,19.929218901189834,9.808485785125109,-71.77887780118155,0.0,0.0,0.0,1.0
0.0,19.093990019196834,10.25642937533965,-68.77512526476069,0.0,0.0,0.0,1.0
0.0,19.93225766724731,11.104376193400705,-69.05520941297573,0.0,0.0,0.0,1.0
0.0,17.74388042997623,10.107473168426276,-63.255832662409574,0.0,0.0,0.0,1.0
0.0,16.698137852513995,9.63575083076746,-61.58966135237808,0.0,0.0,0.0,1.0
0.0,28.056556565595255,9.597865627295384,-67.00108575842785,0.0,0.0,0.0,1.0
0.0,23.61106588352086,9.706078820584512,-63.86050553439642,0.0,0.0,0.0,1.0
0.0,20.061613009524752,9.156903198131866,-59.91821538790181,0.0,0.0,0.0,1.0
0.0,20.331044629687767,9.901353946901033,-64.08283407103623,0.0,0.0,0.0,1.0
0.0,19.244754848983906,9.738104507854336,-62.22573838747359,0.0,0.0,0.0,1.0
0.0,17.634952166652848,9.353424274089742,-61.15058629024312,0.0,0.0,0.0,1.0
0.0,17.760729167028597,10.258123503880455,-62.4554764727821,0.0,0.0,0.0,1.0
0.0,16.335052458729198,9.512667673902374,-59.30245642205824,0.0,0.0,0.0,1.0
0.0,16.851068918630247,9.269767431632623,-67.37329835658264,0.0,0.0,0.0,1.0
0.0,28.864649058821698,9.568576437611965,-72.19449108505546,0.0,0.0,0.0,1.0
0.0,23.47973258375376,9.061227931148192,-65.9223162906015,0.0,0.0,0.0,1.0
0.0,20.581681678771556,9.193358511392502,-63.346986013355846,0.0,0.0,0.0,1.0
0.0,18.203456780205954,8.784233038397167,-60.545309478289774,0.0,0.0,0.0,1.0
0.0,16.599685407940445,8.549845917877631,-58.224206660704006,0.0,0.0,0.0,1.0
0.0,15.634124539630637,8.444619106779804,-56.84327208908876,0.0,0.0,0.0,1.0
0.0,16.292000391846894,8.467000265369066,-64.95234049751593,0.0,0.0,0.0,1.0
0.0,17.83317773676253,8.969307558467918,-69.27319429868982,0.0,0.0,0.0,1.0
0.0,17.69836717829832,9.256300812185733,-66.4855062717914,0.0,0.0,0.0,1.0
0.0,16.33225951035222,8.907257988443984,-62.447217106522075,0.0,0.0,0.0,1.0
0.0,15.74402092644964,8.787497878044238,-61.0955554139809,0.0,0.0,0.0,1.0
0.0,15.89554237607403,8.916430140993326,-60.42637213241653,0.0,0.0,0.0,1.0
0.0,19.11320661367105,11.429042539885366,-68.46771542057463,0.0,0.0,0.0,1.0
0.0,17.318390184093246,10.349907655942003,-64.73454236755049,0.0,0.0,0.0,1.0
0.0,17.10830400679296,9.728736630888948,-69.18554497088739,0.0,0.0,0.0,1.0
0.0,17.376297814410695,9.54496847446544,-68.0762945654638,0.0,0.0,0.0,1.0
0.0,17.55246403415708,9.426319495589686,-67.74264839351446,0.0,0.0,0.0,1.0
0.0,16.144923503911404,9.061672872500585,-63.531260212243986,0.0,0.0,0.0,1.0
0.0,16.82111173484756,10.221209549830931,-65.47696464738857,0.0,0.0,0.0,1.0
0.0,16.503379720576103,9.73724473363762,-68.09905573873391,0.0,0.0,0.0,1.0
0.0,27.946171712114783,9.573923588798168,-71.8457065697416,0.0,0.0,0.0,1.0
0.0,22.88185403222424,9.119971067602227,-66.1192423417018,0.0,0.0,0.0,1.0
0.0,20.572130840558415,9.08613509051215,-70.10299481101679,0.0,0.0,0.0,1.0
0.0,19.035480585349386,9.064397434069553,-72.57190623275557,0.0,0.0,0.0,1.0
0.0,17.821202883717593,8.984816366300794,-72.68875057592766,0.0,0.0,0.0,1.0
0.0,17.22432908083214,8.768040290965587,-72.6271877589431,0.0,0.0,0.0,1.0
0.0,16.273977134706865,8.912799851217716,-69.41549602181006,0.0,0.0,0.0,1.0
0.0,15.428707101412268,8.818094464118204,-65.25381489283357,0.0,0.0,0.0,1.0
0.0,14.845254705168914,8.650437059792742,-63.04790468414824,0.0,0.0,0.0,1.0
0.0,14.499174187389102,8.679648618819279,-62.68788272412265,0.0,0.0,0.0,1.0
0.0,15.356564096523353,8.70199970126767,-68.84582762998635,0.0,0.0,0.0,1.0
0.0,28.62965129442873,8.933227607549544,-74.72763995715681,0.0,0.0,0.0,1.0
0.0,24.739967998571057,9.220939337941768,-73.65273761999799,0.0,0.0,0.0,1.0
0.0,21.551186192514628,9.048393474821465,-73.47848599124751,0.0,0.0,0.0,1.0
0.0,26.970772707817986,9.143868724855901,-69.1842203835534,0.0,0.0,0.0,1.0
0.0,22.568922135169593,9.018245758919957,-68.09104164090296,0.0,0.0,0.0,1.0
0.0,21.715750365551347,10.171516176287255,-70.53849356273182,0.0,0.0,0.0,1.0
0.0,20.710031765378247,10.912140510048173,-70.91986693002112,0.0,0.0,0.0,1.0
0.0,19.01063639520009,10.194228806157867,-73.04232652785699,0.0,0.0,0.0,1.0
0.0,18.74409868667319,9.808203269235511,-79.00026931686737,0.0,0.0,0.0,1.0
0.0,18.12654555957041,9.417159628973709,-78.25211387802595,0.0,0.0,0.0,1.0
0.0,18.997522589069714,10.05163289266773,-78.36400437011108,0.0,0.0,0.0,1.0
0.0,17.687233012358963,9.642711110191014,-76.36759989692465,0.0,0.0,0.0,1.0
0.0,16.510054002184283,9.404223613885991,-72.07189948392063,0.0,0.0,0.0,1.0
0.0,28.259824073951265,9.288958470413437,-75.00919564756462,0.0,0.0,0.0,1.0
0.0,34.962097987631395,11.063161744661752,-77.04637573766415,0.0,0.0,0.0,1.0
0.0,28.377453129952496,10.31427487231305,-78.42339863152493,0.0,0.0,0.0,1.0
0.0,35.09276893557415,9.891161745242048,-77.93557739446703,0.0,0.0,0.0,1.0
0.0,28.186249403536266,9.53833214077798,-77.23426890431345,0.0,0.0,0.0,1.0
0.0,24.627806561520494,9.634837063231762,-76.17586355449693,0.0,0.0,0.0,1.0
0.0,22.931501419954575,10.962941359381793,-76.1987558512894,0.0,0.0,0.0,1.0
0.0,19.69856377634398,10.047393914250351,-69.88687815733877,0.0,0.0,0.0,1.0
0.0,19.24012829350794,10.602766270382912,-70.37452557229855,0.0,0.0,0.0,1.0
0.0,25.557840037726923,10.056723407181392,-67.28244933583353,0.0,0.0,0.0,1.0
0.0,32.631403063080505,10.284412296663255,-70.25282631302522,0.0,0.0,0.0,1.0
0.0,27.368286183655123,10.456341906280938,-70.4182220366822,0.0,0.0,0.0,1.0
0.0,24.62359424607325,10.827390251968149,-74.13880459100768,0.0,0.0,0.0,1.0
0.0,22.087624110204896,10.717026248712205,-72.24541637041548,0.0,0.0,0.0,1.0
0.0,20.59891430234609,10.249005957445235,-72.82479737634817,0.0,0.0,0.0,1.0
0.0,27.53860097153416,9.920479915835474,-70.61517620107736,0.0,0.0,0.0,1.0
0.0,23.388184532303093,9.721809644429978,-73.02203073535799,0.0,0.0,0.0,1.0
0.0,28.65364488997165,9.653200326001194,-69.82177621893571,0.0,0.0,0.0,1.0
0.0,32.813145338099226,9.583713084465238,-68.88623079866542,0.0,0.0,0.0,1.0
0.0,26.712578914690106,9.392606057921816,-71.69322336805142,0.0,0.0,0.0,1.0
0.0,22.800185559566597,9.270025359831468,-73.5816766511789,0.0,0.0,0.0,1.0
0.0,20.46556550604733,9.140800077886901,-76.33516298804163,0.0,0.0,0.0,1.0
0.0,20.106391711297025,9.504006195328811,-77.21311857141076,0.0,0.0,0.0,1.0
0.0,19.02440719308683,9.392957003697394,-75.78500226857952,0.0,0.0,0.0,1.0
0.0,28.805351563785806,9.503211751136242,-75.99145526500865,0.0,0.0,0.0,1.0
0.0,33.47044284681025,9.318835970241107,-73.57321441293135,0.0,0.0,0.0,1.0
0.0,27.425873689964757,9.256257018214981,-76.40681696094569,0.0,0.0,0.0,1.0
0.0,35.7630576552735,9.254416058152241,-78.66450500360803,0.0,0.0,0.0,1.0
0.0,28.103166524494235,8.941542647798412,-72.3046823261552,0.0,0.0,0.0,1.0
0.0,23.24286302765595,8.9584703022812,-70.5197567081076,0.0,0.0,0.0,1.0
0.0,28.178833098531914,8.971907362191498,-67.53917567246312,0.0,0.0,0.0,1.0
0.0,32.718880253033035,9.40846926975195,-68.07851938964002,0.0,0.0,0.0,1.0
0.0,34.719172545589366,9.22761401813073,-66.59435380785548,0.0,0.0,0.0,1.0
0.0,36.84742329006681,9.339348129618324,-67.18016032758251,0.0,0.0,0.0,1.0
0.0,36.98600406944466,9.208030919621862,-65.51068806527479,0.0,0.0,0.0,1.0
0.0,41.71136953122894,9.221532633743331,-71.41156593773393,0.0,0.0,0.0,1.0
0.0,41.818931306431104,9.137110919035706,-70.80486584198466,0.0,0.0,0.0,1.0
0.0,32.9326479970868,9.231979977167056,-69.30838738498205,0.0,0.0,0.0,1.0
0.0,34.17257773960625,9.12523256323161,-66.41172204750605,0.0,0.0,0.0,1.0
0.0,36.11425120650171,9.056262713969085,-66.2596501062264,0.0,0.0,0.0,1.0
0.0,37.364400507650494,9.53097828833449,-66.66060403830325,0.0,0.0,0.0,1.0
0.0,38.15011932966718,9.306072208381455,-66.40589388066181,0.0,0.0,0.0,1.0
0.0,37.84923415928775,9.169115786087465,-65.09448715885702,0.0,0.0,0.0,1.0
0.0,38.09530465058862,9.325943416274637,-65.12233276498712,0.0,0.0,0.0,1.0
0.0,37.6724534255396,9.17782462956815,-64.03956228710936,0.0,0.0,0.0,1.0
0.0,37.21904598362597,9.04891343144933,-63.05213641415365,0.0,0.0,0.0,1.0
0.0,37.3076717609015,9.031689953096441,-63.10684449918557,0.0,0.0,0.0,1.0
0.0,36.963876451773544,8.925829840640294,-62.390801382185685,0.0,0.0,0.0,1.0
0.0,36.961302747524655,9.037049500234382,-62.45841689876501,0.0,0.0,0.0,1.0
0.0,37.045080770920514,9.110933639707195,-62.68900243007351,0.0,0.0,0.0,1.0
0.0,37.90829027424672,9.006846587721839,-63.76655003213561,0.0,0.0,0.0,1.0
0.0,37.457969662262386,9.056554183086806,-63.14906793641076,0.0,0.0,0.0,1.0
0.0,36.26313937127072,8.843207075397244,-62.091513683524546,0.0,0.0,0.0,1.0
0.0,35.08678453903235,8.744142854437976,-60.772315625999845,0.0,0.0,0.0,1.0
0.0,38.21886717832124,8.664552965681933,-65.80757773074602,0.0,0.0,0.0,1.0
0.0,38.26498485956303,8.745551614822034,-65.25662573678589,0.0,0.0,0.0,1.0
0.0,39.74145799474905,8.803618390658936,-67.10872883204055,0.0,0.0,0.0,1.0
0.0,37.46708590481099,8.726831300074304,-64.26135231866546,0.0,0.0,0.0,1.0
0.0,36.98225634998483,8.760042515740272,-63.085828956868035,0.0,0.0,0.0,1.0
0.0,35.43908314490854,8.59688642529473,-61.10880112503333,0.0,0.0,0.0,1.0
0.0,35.831919493384696,8.675590665647618,-61.33862798080624,0.0,0.0,0.0,1.0
0.0,36.15069767575276,8.767785431888452,-61.63366499427753,0.0,0.0,0.0,1.0
0.0,37.49172349033285,8.748069648459166,-64.37710949478277,0.0,0.0,0.0,1.0
0.0,37.1071974905498,8.75069794395681,-63.28256099602647,0.0,0.0,0.0,1.0
0.0,38.92527093660495,8.793994862105375,-65.66632165932945,0.0,0.0,0.0,1.0
0.0,38.263995463071076,8.797085759993323,-64.4599645573234,0.0,0.0,0.0,1.0
0.0,37.87559844221927,8.813118323106993,-63.84414200082826,0.0,0.0,0.0,1.0
0.0,37.61536133488391,8.818446470224272,-63.32561827082558,0.0,0.0,0.0,1.0
0.0,37.50332209306193,8.805094595226821,-63.05032714593035,0.0,0.0,0.0,1.0
0.0,37.041675336847455,8.755678325031322,-62.29463242737047,0.0,0.0,0.0,1.0
0.0,39.19147400113242,8.79837388854929,-65.48856712363171,0.0,0.0,0.0,1.0
0.0,38.01299747434667,8.766578247149111,-63.684321000302695,0.0,0.0,0.0,1.0
0.0,30.667399467756635,9.966337967837978,-67.62514644153048,0.0,0.0,0.0,1.0
0.0,34.09379151351911,9.680299911188156,-67.56166015475823,0.0,0.0,0.0,1.0
0.0,34.78135669427789,9.33330371268431,-65.04784089006472,0.0,0.0,0.0,1.0
0.0,27.82303631674012,9.167060336191582,-65.47620012828534,0.0,0.0,0.0,1.0
0.0,30.923349001542604,9.110143440495778,-64.0506637027379,0.0,0.0,0.0,1.0
0.0,33.97260163233821,8.98442069094607,-64.60679909220964,0.0,0.0,0.0,1.0
0.0,34.93139783587498,9.017517750043684,-63.49342416045183,0.0,0.0,0.0,1.0
0.0,35.443321081327966,8.8930544735782,-62.55800543925555,0.0,0.0,0.0,1.0
0.0,35.8292917779823,8.786542041972785,-61.91216691261063,0.0,0.0,0.0,1.0
0.0,36.06890005185355,8.734620180995378,-61.58524095641522,0.0,0.0,0.0,1.0
0.0,36.521075564723354,8.792438623519788,-61.75718016132506,0.0,0.0,0.0,1.0
0.0,36.392112228703894,8.706025337214815,-61.257222226507785,0.0,0.0,0.0,1.0
0.0,36.619238107468234,8.748052239027125,-61.365031089843086,0.0,0.0,0.0,1.0
0.0,41.48686473636719,8.711299018117241,-68.16786716884798,0.0,0.0,0.0,1.0
0.0,39.667509271790614,8.668434554610759,-65.3323575505591,0.0,0.0,0.0,1.0
0.0,37.869296638612006,8.348138406330795,-62.932516863021625,0.0,0.0,0.0,1.0
0.0,39.64863352591436,9.775155368211411,-66.48725843073247,0.0,0.0,0.0,1.0
0.0,38.287432741443055,9.292526017103489,-63.87020182390921,0.0,0.0,0.0,1.0
0.0,37.82861724024807,9.024796076307945,-62.768843536388125,0.0,0.0,0.0,1.0
0.0,37.56456835838782,8.913946754220099,-62.29279026475163,0.0,0.0,0.0,1.0
0.0,36.80082246270467,8.731224953844727,-60.900176732145724,0.0,0.0,0.0,1.0
0.0,37.19944270016014,8.873999089165844,-62.140097481788544,0.0,0.0,0.0,1.0
0.0,40.799277490783126,5.716207488208582,-68.74869217472602,0.0,0.0,0.0,1.0
0.0,40.49957503602049,6.7246153997308316,-67.26611349757702,0.0,0.0,0.0,1.0
0.0,38.936212057081995,7.392039205984088,-64.35816731171022,0.0,0.0,0.0,1.0
0.0,37.81328532684882,7.734124202599985,-62.24537524689791,0.0,0.0,0.0,1.0
0.0,37.13482423390607,8.047067616850537,-60.97107989804227,0.0,0.0,0.0,1.0
0.0,37.04764240718151,8.346522400788684,-60.6896354252715,0.0,0.0,0.0,1.0
0.0,36.178723429340586,8.248813323417801,-60.08307768828804,0.0,0.0,0.0,1.0
0.0,36.46771409055799,8.54512068948658,-60.181183908990576,0.0,0.0,0.0,1.0
0.0,36.443291574348066,8.609056953835614,-59.87594308818105,0.0,0.0,0.0,1.0
0.0,37.54044206899183,8.614617721085146,-61.218691676167836,0.0,0.0,0.0,1.0
0.0,37.36081258232255,8.729696967936851,-60.89561795131789,0.0,0.0,0.0,1.0
0.0,37.307679400555294,8.901933761497851,-60.809144289837256,0.0,0.0,0.0,1.0
0.0,38.88655080946697,9.206356265905498,-63.05626837333639,0.0,0.0,0.0,1.0
0.0,32.05470517211053,10.593913826419268,-66.85101707807927,0.0,0.0,0.0,1.0
0.0,34.986667068466424,10.213059679902805,-66.15242879785258,0.0,0.0,0.0,1.0
0.0,36.35878881008716,10.161836892176924,-65.10571464012168,0.0,0.0,0.0,1.0
0.0,29.232560870563056,9.92621242401678,-68.35136660430246,0.0,0.0,0.0,1.0
0.0,25.15130251278483,9.805572891596093,-67.61775767261557,0.0,0.0,0.0,1.0
0.0,31.6694162926864,10.095046970693307,-68.37242000573983,0.0,0.0,0.0,1.0
0.0,34.14377343319911,10.046929053534946,-66.36283772246132,0.0,0.0,0.0,1.0
0.0,36.05791860307346,10.216786424418629,-65.63872881401313,0.0,0.0,0.0,1.0
0.0,37.68557619197481,10.382976452548005,-65.71074634060835,0.0,0.0,0.0,1.0
0.0,40.90083881227562,10.526894054160538,-68.78157630159318,0.0,0.0,0.0,1.0
0.0,40.572405047834344,10.595895525970779,-67.46721132648446,0.0,0.0,0.0,1.0
0.0,40.41381202535937,10.727087263356776,-66.72989613381084,0.0,0.0,0.0,1.0
0.0,33.097104187859394,11.444659616316596,-69.07864650403573,0.0,0.0,0.0,1.0
0.0,35.71182995234173,11.313641406027086,-67.88370479884452,0.0,0.0,0.0,1.0
0.0,37.5883530740884,11.234638390092266,-67.38255642201665,0.0,0.0,0.0,1.0
0.0,38.959942992912914,11.280437772634665,-67.39800990794132,0.0,0.0,0.0,1.0
0.0,31.721112432011903,10.758983297332449,-68.36071991197639,0.0,0.0,0.0,1.0
0.0,27.33236524262422,10.630583077876548,-69.86593026983176,0.0,0.0,0.0,1.0
0.0,32.38719952653517,10.846095213637442,-68.92639149552994,0.0,0.0,0.0,1.0
0.0,35.70463215062354,11.103456611139052,-68.47189399035952,0.0,0.0,0.0,1.0
0.0,37.03212691044616,10.540499337552372,-68.0153099663924,0.0,0.0,0.0,1.0
0.0,30.973065975765852,11.470162373161758,-69.63167866428647,0.0,0.0,0.0,1.0
0.0,35.5835768661407,12.13289354239517,-70.58391404171469,0.0,0.0,0.0,1.0
0.0,29.326293455276485,11.497258942525534,-70.95579408623968,0.0,0.0,0.0,1.0
0.0,34.003689340143545,12.265225626306261,-71.20607559701847,0.0,0.0,0.0,1.0
0.0,36.581927113703344,12.098541804769292,-69.77623527722712,0.0,0.0,0.0,1.0
0.0,38.454451507134515,11.921273182333369,-69.12596086001251,0.0,0.0,0.0,1.0
0.0,39.567776549895974,12.348078893712582,-69.37835716448458,0.0,0.0,0.0,1.0
0.0,40.25943215867211,12.293524915843939,-68.8215826927214,0.0,0.0,0.0,1.0
0.0,32.86823307615758,11.380245374808391,-74.23148988487854,0.0,0.0,0.0,1.0
0.0,28.156528198372683,11.83330103178039,-73.06641504238318,0.0,0.0,0.0,1.0
0.0,34.75523075421359,7.615066250286243,-75.42191388000332,0.0,0.0,0.0,1.0
0.0,28.550933261813995,8.343782061543441,-73.06075945110783,0.0,0.0,0.0,1.0
0.0,25.35850882347832,9.758693741418023,-72.54134329597663,0.0,0.0,0.0,1.0
0.0,32.80549939631457,11.185660976590103,-73.90337538339453,0.0,0.0,0.0,1.0
0.0,37.949082354502835,7.1889902928398195,-76.2549152371349,0.0,0.0,0.0,1.0
0.0,35.95233361308686,7.524149278975589,-68.68176030564183,0.0,0.0,0.0,1.0
0.0,38.155333133391096,9.448975985963372,-68.97641371906177,0.0,0.0,0.0,1.0
0.0,41.37488350539011,11.005930849648703,-71.83478042375651,0.0,0.0,0.0,1.0
0.0,34.25061005251922,10.589940106466027,-74.869250424473,0.0,0.0,0.0,1.0
0.0,28.565797103102597,10.322945878465104,-72.58985807312183,0.0,0.0,0.0,1.0
0.0,24.890645634597274,10.159521619710873,-74.73765847662307,0.0,0.0,0.0,1.0
0.0,23.200675419025536,10.096136732039401,-74.82218672511043,0.0,0.0,0.0,1.0
0.0,20.902656980522845,9.851752496125677,-71.66880459243244,0.0,0.0,0.0,1.0
0.0,20.64401166458448,9.889435710493302,-73.1616009211128,0.0,0.0,0.0,1.0
0.0,20.600436093167215,10.892354819406798,-74.25654906221,0.0,0.0,0.0,1.0
0.0,19.51503048019474,10.395348139742303,-72.74009147346963,0.0,0.0,0.0,1.0
0.0,19.789539206720296,10.977051450398578,-74.00348598097396,0.0,0.0,0.0,1.0
0.0,27.378035599606118,11.530456979055392,-71.71567038735446,0.0,0.0,0.0,1.0
0.0,33.373885762076874,11.189628179440584,-72.77624527522245,0.0,0.0,0.0,1.0
0.0,36.18715428868385,11.704225557299626,-71.05672358285344,0.0,0.0,0.0,1.0
0.0,30.001613208815694,11.12799561654092,-70.67231768602169,0.0,0.0,0.0,1.0
0.0,34.02302390403069,11.637614305411795,-69.70654397815444,0.0,0.0,0.0,1.0
0.0,36.70904369367256,12.014885444141044,-69.26040678914009,0.0,0.0,0.0,1.0
0.0,37.52460196840677,12.145557211532994,-67.95030085991024,0.0,0.0,0.0,1.0
0.0,31.881124428151054,11.28047324875217,-73.20601065747053,0.0,0.0,0.0,1.0
0.0,34.96688883536184,11.688219009513949,-71.0766225889499,0.0,0.0,0.0,1.0
0.0,37.19308172640149,12.016601157187111,-70.09600244540032,0.0,0.0,0.0,1.0
0.0,38.587478667169954,12.22036019400851,-69.3798773240094,0.0,0.0,0.0,1.0
0.0,39.366414921032195,12.289109983761808,-68.70593072797438,0.0,0.0,0.0,1.0
0.0,38.56284944178865,11.863372005744797,-67.48520918737601,0.0,0.0,0.0,1.0
0.0,39.201208166174034,12.025719568727077,-67.2793978937911,0.0,0.0,0.0,1.0
0.0,40.03210424766015,12.145857252501818,-67.70280416177148,0.0,0.0,0.0,1.0
0.0,32.61943855860409,11.471197784251983,-72.81773766359711,0.0,0.0,0.0,1.0
0.0,36.4002708665457,11.874719502147645,-72.11678595054737,0.0,0.0,0.0,1.0
0.0,30.52781254014319,12.214887127575704,-72.95742211180232,0.0,0.0,0.0,1.0
0.0,34.10511043007639,12.296113442357633,-70.91339819352733,0.0,0.0,0.0,1.0
0.0,36.260739146854775,12.371734983572784,-69.4648743234351,0.0,0.0,0.0,1.0
0.0,36.858196574132755,11.797880166542889,-67.17663710794349,0.0,0.0,0.0,1.0
0.0,30.56671987291024,11.620886577905123,-69.90949290403863,0.0,0.0,0.0,1.0
0.0,38.116987253252674,7.469128770082687,-75.94837488817866,0.0,0.0,0.0,1.0
0.0,38.59492490508056,9.23876085270777,-72.3902519458565,0.0,0.0,0.0,1.0
0.0,38.8192571080398,10.33381027468449,-69.98358101904691,0.0,0.0,0.0,1.0
0.0,32.440542049427215,10.295903290723334,-73.34102727346435,0.0,0.0,0.0,1.0
0.0,37.68454844474744,6.61797923852725,-75.85138764827856,0.0,0.0,0.0,1.0
0.0,38.52232493480539,8.718962473020344,-72.63379167793234,0.0,0.0,0.0,1.0
0.0,37.69697247199662,9.48799678080899,-69.58531224228877,0.0,0.0,0.0,1.0
0.0,38.336891676510845,10.524823674991566,-68.32606205536847,0.0,0.0,0.0,1.0
0.0,38.574697902763745,11.055388556086893,-67.21421019604662,0.0,0.0,0.0,1.0
0.0,38.71983825645728,11.509228087137698,-66.59719023268548,0.0,0.0,0.0,1.0
0.0,39.135081371303336,11.830189990231148,-66.59395039422455,0.0,0.0,0.0,1.0
0.0,32.71619535186882,11.733875109140472,-71.52184858930852,0.0,0.0,0.0,1.0
0.0,34.87631632835207,11.909259103643503,-69.24245617007257,0.0,0.0,0.0,1.0
0.0,36.44068812420256,11.98195169276227,-67.96201084604486,0.0,0.0,0.0,1.0
0.0,31.07618074426292,11.774301117107283,-73.02592109468247,0.0,0.0,0.0,1.0
0.0,27.043551735115294,11.141199701041327,-73.71502190887199,0.0,0.0,0.0,1.0
0.0,31.404293403642974,11.577888747832793,-70.91097749619148,0.0,0.0,0.0,1.0
0.0,34.22025148685893,11.884358327175077,-69.11150321955556,0.0,0.0,0.0,1.0
0.0,36.040593349835916,12.105103886944185,-68.03777543392769,0.0,0.0,0.0,1.0
0.0,37.20079679670491,12.261575901024637,-67.35742698244428,0.0,0.0,0.0,1.0
0.0,39.90744973915703,13.317059769057932,-71.1926072521539,0.0,0.0,0.0,1.0
0.0,32.92479404317441,12.26717142685154,-73.25064365256375,0.0,0.0,0.0,1.0
0.0,27.318325044852003,11.42588493936497,-72.55932555487128,0.0,0.0,0.0,1.0
0.0,23.961919382289057,10.84188301178369,-73.48315125653716,0.0,0.0,0.0,1.0
0.0,29.38171093193764,11.414810285870155,-70.73063045232844,0.0,0.0,0.0,1.0
0.0,32.969431524589936,11.855061016631232,-69.20812203172773,0.0,0.0,0.0,1.0
0.0,27.296257215086875,11.113515926884453,-69.89205140961856,0.0,0.0,0.0,1.0
0.0,23.734644451124005,10.657144944338791,-70.40397440581035,0.0,0.0,0.0,1.0
0.0,31.240973173681056,12.562325248469687,-73.0237302722834,0.0,0.0,0.0,1.0
0.0,36.84372218701881,8.083036712589571,-75.56285219645126,0.0,0.0,0.0,1.0
0.0,38.313413806907015,9.752606087575183,-73.04671282043269,0.0,0.0,0.0,1.0
0.0,31.10277955728709,9.703873832984051,-72.1889417909038,0.0,0.0,0.0,1.0
0.0,27.518085352946255,9.83159173621414,-76.78477026178923,0.0,0.0,0.0,1.0
0.0,34.55426107955032,6.320042448741853,-78.14680007850552,0.0,0.0,0.0,1.0
0.0,30.782274462168175,9.196009887534565,-75.31504998622417,0.0,0.0,0.0,1.0
0.0,34.364176500285346,10.681557185190526,-73.01017893412629,0.0,0.0,0.0,1.0
0.0,28.590233648555333,10.347007430174028,-72.26865473077673,0.0,0.0,0.0,1.0
0.0,32.84453000454175,11.222125573157065,-70.65937747766321,0.0,0.0,0.0,1.0
0.0,32.394186761674206,13.821053612335216,-71.96048411519875,0.0,0.0,0.0,1.0
0.0,37.50259546039102,8.89075358400016,-74.79610900559392,0.0,0.0,0.0,1.0
0.0,30.885973913641262,9.547106359105657,-74.66343028617237,0.0,0.0,0.0,1.0
0.0,29.598568689726196,12.551710410815248,-75.4719642374106,0.0,0.0,0.0,1.0
0.0,25.91672232545888,11.613708772489957,-76.20410451453586,0.0,0.0,0.0,1.0
0.0,27.354358307955355,14.535088816815138,-77.14803594478029,0.0,0.0,0.0,1.0
0.0,34.36014630407823,9.338413012325324,-78.20959414286256,0.0,0.0,0.0,1.0
0.0,32.97878090696152,12.988286443075559,-78.17213735197191,0.0,0.0,0.0,1.0
0.0,29.94905388814875,13.436657328496663,-75.60333330334691,0.0,0.0,0.0,1.0
0.0,33.57337122307377,13.422436559516258,-72.76262132054974,0.0,0.0,0.0,1.0
0.0,28.76327672731796,12.286781199539174,-74.39651557363173,0.0,0.0,0.0,1.0
0.0,24.78901158731929,11.508069226858847,-74.91680370121168,0.0,0.0,0.0,1.0
0.0,30.56873242856448,12.294909392044941,-72.73993598151904,0.0,0.0,0.0,1.0
0.0,34.056765719846325,12.787830599011524,-71.1233661948953,0.0,0.0,0.0,1.0
0.0,36.74404968464696,13.366483242261706,-70.99678968099435,0.0,0.0,0.0,1.0
0.0,38.37419312606234,13.59697703428214,-70.51869011367619,0.0,0.0,0.0,1.0
0.0,40.235700437867685,14.068421792724994,-72.16751226626688,0.0,0.0,0.0,1.0
0.0,42.798150341728636,9.049752587106859,-75.2696345762198,0.0,0.0,0.0,1.0
0.0,44.06252185538029,5.828652544433374,-76.71085525784174,0.0,0.0,0.0,1.0
0.0,45.112630305041485,3.7511391391660625,-77.97143028546975,0.0,0.0,0.0,1.0
0.0,44.539701244459685,7.846087453316295,-76.40170484641355,0.0,0.0,0.0,1.0
0.0,35.849069431284335,8.614046572697474,-76.87740371449392,0.0,0.0,0.0,1.0
0.0,31.66774009721123,10.23412346883186,-72.75767729113393,0.0,0.0,0.0,1.0
0.0,37.40798963451588,6.578508856750938,-75.95317567000308,0.0,0.0,0.0,1.0
0.0,39.473365190868236,9.65647695364007,-74.87572456201983,0.0,0.0,0.0,1.0
0.0,33.037710069539784,9.712854096781872,-75.01935102131246,0.0,0.0,0.0,1.0
0.0,29.1880107898349,10.843854769155024,-74.71492834267251,0.0,0.0,0.0,1.0
0.0,26.492200625485108,11.259651910801955,-72.21495711201473,0.0,0.0,0.0,1.0
0.0,25.764699485135463,11.903943684192743,-69.37165681026988,0.0,0.0,0.0,1.0
0.0,25.621488765151007,12.610546175532246,-69.35214386829549,0.0,0.0,0.0,1.0
0.0,23.919330491413323,11.803233656161872,-71.95382974869526,0.0,0.0,0.0,1.0
0.0,23.3601927447601,11.79686351333858,-70.35401154537156,0.0,0.0,0.0,1.0
0.0,30.523257894478437,13.040796900302377,-71.22095030430424,0.0,0.0,0.0,1.0
0.0,27.409191650105523,12.553663782859738,-69.59354788163034,0.0,0.0,0.0,1.0
0.0,26.611084063504855,12.983935224939254,-68.87375239467768,0.0,0.0,0.0,1.0
0.0,24.870354781414495,12.413913943418793,-68.00103182033926,0.0,0.0,0.0,1.0
0.0,25.036998626373844,12.907609722673094,-67.93951342022966,0.0,0.0,0.0,1.0
0.0,25.034808276794212,13.125367917930433,-67.63168891581604,0.0,0.0,0.0,1.0
0.0,25.087869023852807,13.254370611577496,-67.76144426929957,0.0,0.0,0.0,1.0
0.0,24.174781186252,12.803496585921438,-67.7098873679946,0.0,0.0,0.0,1.0
0.0,23.9527198133142,12.55951316978058,-66.46704490127095,0.0,0.0,0.0,1.0
0.0,24.459603440323672,12.80121420630632,-66.85387717156091,0.0,0.0,0.0,1.0
0.0,24.816345643203245,13.060844482945724,-67.22185037734987,0.0,0.0,0.0,1.0
0.0,25.087413068145874,13.243014176187264,-67.76491749370692,0.0,0.0,0.0,1.0
0.0,24.28405519351359,12.847409512984116,-67.79771520017461,0.0,0.0,0.0,1.0
0.0,24.693532109594855,13.121717531830987,-67.84854531942827,0.0,0.0,0.0,1.0
0.0,24.52353754516049,12.87066370073721,-67.16908223505901,0.0,0.0,0.0,1.0
0.0,23.85399250511286,12.451053160468314,-66.70647181585042,0.0,0.0,0.0,1.0
0.0,23.444331362078227,12.216630548260918,-66.53167036584863,0.0,0.0,0.0,1.0
0.0,23.132914269532836,11.988133537613567,-66.17659220646499,0.0,0.0,0.0,1.0
0.0,23.021314699779847,11.943011269008617,-66.3979136766849,0.0,0.0,0.0,1.0
0.0,23.662755277911398,12.180020683671403,-66.63468506834585,0.0,0.0,0.0,1.0
0.0,23.239605731343655,11.8476892804049,-65.158155880943,0.0,0.0,0.0,1.0
0.0,23.66108939019491,12.067034970398831,-65.586842376409,0.0,0.0,0.0,1.0
0.0,23.235509396269048,11.733483118683504,-64.98422280908261,0.0,0.0,0.0,1.0
0.0,23.28212055857745,11.908226861134962,-65.92762651806594,0.0,0.0,0.0,1.0
0.0,23.009974420864573,11.667945815924998,-65.24107572438245,0.0,0.0,0.0,1.0
0.0,22.795578668492347,11.441698742300614,-64.46158270634542,0.0,0.0,0.0,1.0
0.0,22.817820731891143,11.577671397006485,-65.091029772502,0.0,0.0,0.0,1.0
0.0,23.493573766477628,12.109893780211737,-67.01848714964416,0.0,0.0,0.0,1.0
0.0,23.080820869933905,11.708579491056792,-65.60222303439919,0.0,0.0,0.0,1.0
0.0,22.841676946627878,11.47008730792446,-64.73050681180993,0.0,0.0,0.0,1.0
0.0,22.663656602724227,11.34454331839439,-64.20837251742233,0.0,0.0,0.0,1.0
0.0,22.53985980614863,11.225789631503288,-63.79885324032113,0.0,0.0,0.0,1.0
0.0,22.4789728950076,11.181726751136772,-63.64789692925548,0.0,0.0,0.0,1.0
0.0,23.970669101196105,12.10438805898742,-66.7855537375416,0.0,0.0,0.0,1.0
0.0,23.441538373206022,11.699652753251776,-66.79538968718451,0.0,0.0,0.0,1.0
0.0,23.673040020920077,11.63292018722008,-68.20523732135051,0.0,0.0,0.0,1.0
0.0,23.26226434884858,11.453602900078577,-66.77941260981903,0.0,0.0,0.0,1.0
0.0,22.97108705112153,11.382214699766338,-65.74954572921838,0.0,0.0,0.0,1.0
0.0,23.218592425594593,11.348058415550486,-66.67351628961512,0.0,0.0,0.0,1.0
0.0,23.159749349197533,11.232472266595446,-67.9996180801052,0.0,0.0,0.0,1.0
0.0,23.52957926373395,11.604651008412901,-67.8627336082235,0.0,0.0,0.0,1.0
0.0,23.185023545494346,11.378194710951549,-67.6450470767312,0.0,0.0,0.0,1.0
0.0,23.980345964750637,11.892087434487141,-68.47356079724257,0.0,0.0,0.0,1.0
0.0,24.24497817016703,12.232959341017517,-68.91428092328324,0.0,0.0,0.0,1.0
0.0,24.151720304267478,11.717765863568953,-67.50696478113782,0.0,0.0,0.0,1.0
0.0,23.39796184436408,10.821542755245503,-68.75643191901179,0.0,0.0,0.0,1.0
0.0,24.1918107146789,11.710756978185644,-68.45002055915838,0.0,0.0,0.0,1.0
0.0,24.76813619633231,12.397439865420479,-69.27690869982942,0.0,0.0,0.0,1.0
0.0,25.114635166209563,12.872339620782464,-68.4402558132766,0.0,0.0,0.0,1.0
0.0,23.737947563803665,11.47517360653951,-69.26118296675831,0.0,0.0,0.0,1.0
0.0,24.51083108279713,12.080124431274893,-69.78764149370565,0.0,0.0,0.0,1.0
0.0,23.175723365848988,10.959442836938345,-69.88484703007713,0.0,0.0,0.0,1.0
0.0,24.023948536320248,12.6394951888668,-68.33474405621092,0.0,0.0,0.0,1.0
0.0,22.842835763430447,11.32768301269488,-69.0249950416462,0.0,0.0,0.0,1.0
0.0,22.133174659862018,10.435279713223855,-69.4736677555057,0.0,0.0,0.0,1.0
0.0,23.21792351934886,12.558874864634607,-68.93451634899395,0.0,0.0,0.0,1.0
0.0,23.86711731857486,12.813414443918013,-68.16252694255466,0.0,0.0,0.0,1.0
0.0,22.933123519282635,11.452491689299995,-68.94471026059118,0.0,0.0,0.0,1.0
0.0,23.98329597864512,13.40304506367415,-69.98401691172869,0.0,0.0,0.0,1.0
0.0,23.456150913742075,11.902231225820678,-71.87845131921391,0.0,0.0,0.0,1.0
0.0,28.8429704370201,12.975577665527872,-70.125802341342,0.0,0.0,0.0,1.0
0.0,26.515272189970787,13.842539525416935,-67.60059979809994,0.0,0.0,0.0,1.0
0.0,26.090408827690784,14.973631837317253,-68.71926808762136,0.0,0.0,0.0,1.0
0.0,24.487358216638892,12.903847301448,-69.5521660170583,0.0,0.0,0.0,1.0
0.0,23.67175639388428,13.76644837175669,-67.6864912611901,0.0,0.0,0.0,1.0
0.0,24.681832499446102,13.613534008502604,-69.42592165534828,0.0,0.0,0.0,1.0
0.0,29.73214043522619,14.090047626929277,-68.64505321362468,0.0,0.0,0.0,1.0
0.0,26.955317050100756,11.686392362839953,-70.0137871917464,0.0,0.0,0.0,1.0
0.0,24.548279271085967,10.474087635855009,-68.58610883654985,0.0,0.0,0.0,1.0
0.0,23.28038848085402,9.825700479963213,-68.48437344689577,0.0,0.0,0.0,1.0
0.0,22.03434716447807,9.20878869921224,-67.52434612554553,0.0,0.0,0.0,1.0
0.0,22.138237628633597,9.512231685239186,-67.11542713822227,0.0,0.0,0.0,1.0
0.0,21.430925415929902,9.071668380061698,-66.9149167018254,0.0,0.0,0.0,1.0
0.0,20.83801964665725,8.691828852662635,-66.21366293835254,0.0,0.0,0.0,1.0
0.0,20.6646428413337,10.323444964335069,-62.449951714738184,0.0,0.0,0.0,1.0
0.0,22.26651066998922,12.404071248122618,-64.30583997987632,0.0,0.0,0.0,1.0
0.0,21.414498731795188,10.804284945543936,-64.36245825328895,0.0,0.0,0.0,1.0
0.0,23.23812727358176,11.722747515215783,-67.6129392591958,0.0,0.0,0.0,1.0
0.0,24.126669602121012,13.317640266859197,-68.10663323359928,0.0,0.0,0.0,1.0
0.0,23.444989443154483,11.552654569957976,-68.95304788012086,0.0,0.0,0.0,1.0
0.0,23.838724197457815,13.025971647307829,-67.65208289553657,0.0,0.0,0.0,1.0
0.0,22.165928574500782,11.094797187305222,-67.43404756374841,0.0,0.0,0.0,1.0
0.0,23.69310287860292,11.773422514539222,-68.91658567278358,0.0,0.0,0.0,1.0
0.0,22.868183117247867,10.695302770294015,-69.05086871217812,0.0,0.0,0.0,1.0
0.0,23.309706710088765,10.276567416492968,-67.23558902873097,0.0,0.0,0.0,1.0
0.0,21.835093481890567,9.352396588816571,-66.70873899636315,0.0,0.0,0.0,1.0
0.0,21.980523626141952,8.955531537642928,-67.92792251413631,0.0,0.0,0.0,1.0
0.0,21.090665115116206,8.456812689821298,-65.89742493744575,0.0,0.0,0.0,1.0
0.0,20.829098062766036,10.124197700501027,-62.182782836529654,0.0,0.0,0.0,1.0
0.0,22.102567150177844,12.050257358806856,-63.35091474795493,0.0,0.0,0.0,1.0
0.0,20.914715805728534,10.314746349573443,-63.285746760252465,0.0,0.0,0.0,1.0
0.0,20.296060175668902,9.215095468773981,-62.045411040614596,0.0,0.0,0.0,1.0
0.0,19.938731982245496,8.46971346556711,-61.24943498125275,0.0,0.0,0.0,1.0
0.0,19.83780038146524,7.991457711307101,-60.97488452728482,0.0,0.0,0.0,1.0
0.0,19.675308972466045,7.692415839044823,-60.59586836096924,0.0,0.0,0.0,1.0
0.0,20.92435030121902,8.188672631031707,-64.37527680388308,0.0,0.0,0.0,1.0
0.0,21.60577563409405,10.273082094456727,-62.80127796856973,0.0,0.0,0.0,1.0
0.0,23.1628404572044,6.599427119935,-58.53925400308095,0.0,0.0,0.0,1.0
0.0,27.617382288209225,4.252170215188878,-60.56817380564646,0.0,0.0,0.0,1.0
0.0,24.727366834000883,5.357875202849151,-60.7443853000521,0.0,0.0,0.0,1.0
0.0,22.887629351575185,6.0022601284023755,-60.34795174017399,0.0,0.0,0.0,1.0
0.0,21.667077251893506,6.432013872427552,-60.3622944759774,0.0,0.0,0.0,1.0
0.0,20.947899264591033,6.699792324173576,-60.37149881811196,0.0,0.0,0.0,1.0
0.0,20.650519356540485,6.863776982179535,-60.58344804691197,0.0,0.0,0.0,1.0
0.0,20.181102644222914,6.960872787548715,-60.58166993483217,0.0,0.0,0.0,1.0
0.0,23.1573843773771,4.481472642419009,-58.29787687034846,0.0,0.0,0.0,1.0
0.0,25.26307625224133,2.883245676021893,-57.10745283557689,0.0,0.0,0.0,1.0
0.0,26.778952676053915,1.8650846691516967,-56.60611031069907,0.0,0.0,0.0,1.0
0.0,24.475068049551165,6.068430636367799,-57.221097224838246,0.0,0.0,0.0,1.0
0.0,22.965644947436758,6.514655664036047,-58.38972926459067,0.0,0.0,0.0,1.0
0.0,21.82757771404669,6.752902898922311,-59.17386751162211,0.0,0.0,0.0,1.0
0.0,20.979980532735542,6.768942843322964,-58.6841768815295,0.0,0.0,0.0,1.0
0.0,23.75996946276368,4.351161044153249,-57.216798525086375,0.0,0.0,0.0,1.0
0.0,25.635619397475715,2.806898973139732,-56.39376470190617,0.0,0.0,0.0,1.0
0.0,23.843199015837587,4.373030168227812,-57.48982621824535,0.0,0.0,0.0,1.0
0.0,22.657359432983323,5.410418107010928,-58.49415102191842,0.0,0.0,0.0,1.0
0.0,21.952357127822758,6.0921543273440495,-59.13866886244345,0.0,0.0,0.0,1.0
0.0,21.558380573959173,6.4813179240625365,-59.25134768573023,0.0,0.0,0.0,1.0
0.0,20.737351659800893,6.504676523437374,-58.06339968507122,0.0,0.0,0.0,1.0
0.0,20.92036121530854,6.754235471891002,-58.76098515470767,0.0,0.0,0.0,1.0
0.0,20.79419122405168,6.963556641965828,-59.58463566281865,0.0,0.0,0.0,1.0
0.0,20.749134152922267,6.851332359147722,-58.955576691650414,0.0,0.0,0.0,1.0
0.0,20.949955767030872,6.735277351963477,-58.98643582612458,0.0,0.0,0.0,1.0
0.0,24.561650019428132,4.3376472917449185,-58.55504428946448,0.0,0.0,0.0,1.0
0.0,22.64194464657691,5.010481158932689,-56.78632313964022,0.0,0.0,0.0,1.0
0.0,22.020777693722504,5.852475981326875,-58.282688693224195,0.0,0.0,0.0,1.0
0.0,25.343407232775256,3.763498430397833,-58.23640241382265,0.0,0.0,0.0,1.0
0.0,27.587553013209387,2.4307457040849343,-58.36402054741017,0.0,0.0,0.0,1.0
0.0,29.059991415768497,1.5754953498593174,-58.49130500537783,0.0,0.0,0.0,1.0
0.0,30.234809387141723,1.0268843794447937,-58.89627414738102,0.0,0.0,0.0,1.0
0.0,26.713391152358113,2.9840020372375684,-58.378265172303706,0.0,0.0,0.0,1.0
0.0,24.22776891435109,4.238579858378621,-57.286153140821966,0.0,0.0,0.0,1.0
0.0,23.15518828970275,4.5271656178389135,-57.22056735049158,0.0,0.0,0.0,1.0
0.0,21.281330451223333,5.236480170380994,-58.0212244754194,0.0,0.0,0.0,1.0
0.0,20.568014565048898,5.592557570955721,-56.55081097352987,0.0,0.0,0.0,1.0
0.0,20.233695502037335,5.510749644881627,-55.98279690283273,0.0,0.0,0.0,1.0
0.0,19.337794714315038,5.762672923113631,-56.371147853872785,0.0,0.0,0.0,1.0
0.0,20.585485758930563,6.094801549654397,-58.26092644017174,0.0,0.0,0.0,1.0
0.0,19.290771293087722,5.83948612735794,-55.52830676743266,0.0,0.0,0.0,1.0
0.0,20.186859196883308,6.022275461139653,-56.52616133024678,0.0,0.0,0.0,1.0
0.0,19.887103233592846,5.853095028718069,-55.62129889869552,0.0,0.0,0.0,1.0
0.0,19.067353605181378,6.004100121993539,-56.48011558821511,0.0,0.0,0.0,1.0
0.0,18.51438253445023,6.022868927471358,-56.07111619561677,0.0,0.0,0.0,1.0
0.0,18.85505174594916,6.139286525459339,-55.886686510359546,0.0,0.0,0.0,1.0
0.0,18.38964900003006,6.196934959152612,-56.843015064638756,0.0,0.0,0.0,1.0
0.0,18.711707772694705,6.23042926936525,-56.170165424399656,0.0,0.0,0.0,1.0
0.0,18.110852229543873,5.983224694617091,-55.084836935867365,0.0,0.0,0.0,1.0
0.0,17.636797614699773,5.871498005267254,-54.39848508437833,0.0,0.0,0.0,1.0
0.0,17.405670487229425,5.840756305144916,-54.546555129476545,0.0,0.0,0.0,1.0
0.0,17.26036775142232,5.836924437007428,-54.75752146461305,0.0,0.0,0.0,1.0
0.0,17.2687855592895,5.8704973468952355,-55.198536921673906,0.0,0.0,0.0,1.0
0.0,17.24134658409441,5.825230623375324,-54.88483745391041,0.0,0.0,0.0,1.0
0.0,17.560345371709076,5.727690149798194,-52.91998409761214,0.0,0.0,0.0,1.0
0.0,17.993973713225284,5.827623395951769,-53.07346077863231,0.0,0.0,0.0,1.0
0.0,18.264437928180065,5.548109057194598,-52.518262258016996,0.0,0.0,0.0,1.0
0.0,17.643352213326295,5.533384695538587,-52.626482532236146,0.0,0.0,0.0,1.0
0.0,17.19613513268985,5.474359655478402,-52.41914649505403,0.0,0.0,0.0,1.0
0.0,16.96012043039378,5.482093023850502,-52.797079533780064,0.0,0.0,0.0,1.0
0.0,16.870271125535954,5.539935099809308,-53.34372035305063,0.0,0.0,0.0,1.0
0.0,16.768543354134742,5.524068534420436,-53.458658300544,0.0,0.0,0.0,1.0
0.0,16.672847977050594,5.3726082275757525,-52.54869841119748,0.0,0.0,0.0,1.0
0.0,17.378048277910928,8.023404231332197,-54.1089483110065,0.0,0.0,0.0,1.0
0.0,16.85420869710788,6.928184165378793,-52.288571544907235,0.0,0.0,0.0,1.0
0.0,16.766907467213045,6.350936815546284,-52.32598874900617,0.0,0.0,0.0,1.0
0.0,16.55951098432802,5.828614296541023,-51.273120862227074,0.0,0.0,0.0,1.0
0.0,16.365409570921624,5.575580119571927,-50.888891245155556,0.0,0.0,0.0,1.0
0.0,16.205549878925844,5.385359698936413,-50.531692900343224,0.0,0.0,0.0,1.0
0.0,16.171562810917326,5.277802796740678,-50.41308546285228,0.0,0.0,0.0,1.0
0.0,16.019773517489355,5.140476982288559,-49.952271261890075,0.0,0.0,0.0,1.0
0.0,15.978230030131732,5.120905931570634,-50.17626395892389,0.0,0.0,0.0,1.0
0.0,15.94405025258171,5.044546860294847,-49.58946634757387,0.0,0.0,0.0,1.0
0.0,15.971078668151264,5.057262167885881,-49.989648001088966,0.0,0.0,0.0,1.0
0.0,16.000513493830024,4.999231167835105,-49.71616879225882,0.0,0.0,0.0,1.0
0.0,15.836082351053346,4.904730176068895,-49.1252036524135,0.0,0.0,0.0,1.0
0.0,16.59830729269333,4.779330157403966,-49.806819174998665,0.0,0.0,0.0,1.0
0.0,16.15419797322127,4.707225462716834,-48.76899959369392,0.0,0.0,0.0,1.0
0.0,16.054259537257316,4.780831836149416,-48.897191600258424,0.0,0.0,0.0,1.0
0.0,15.758043971166064,4.667408484723609,-47.73634869743738,0.0,0.0,0.0,1.0
0.0,15.77624295006549,4.706588996831122,-47.55953316747662,0.0,0.0,0.0,1.0
0.0,15.57102760131608,4.61235509709155,-46.98928663144636,0.0,0.0,0.0,1.0
0.0,15.57178968031612,4.612127126130421,-46.800147818698484,0.0,0.0,0.0,1.0
0.0,15.573450589555101,4.6070717895281845,-46.691468766765716,0.0,0.0,0.0,1.0
0.0,16.514153565034594,4.436424032366074,-46.50903362140196,0.0,0.0,0.0,1.0
0.0,16.001425859035574,4.405425766758514,-45.96803640226224,0.0,0.0,0.0,1.0
0.0,15.796320905541418,4.468770792417891,-46.44946661211225,0.0,0.0,0.0,1.0
0.0,15.767423454703835,4.577273180022382,-47.29184377310974,0.0,0.0,0.0,1.0
0.0,15.608081610939358,4.522265372771012,-46.68145140828097,0.0,0.0,0.0,1.0
0.0,15.527291532514953,4.486710843051914,-46.444440851651734,0.0,0.0,0.0,1.0
0.0,15.372818049068973,4.4130972288138075,-45.825554700016056,0.0,0.0,0.0,1.0
0.0,15.321684232289131,4.358900036484335,-45.17277798049032,0.0,0.0,0.0,1.0
0.0,15.25975434962278,4.3322209650591095,-45.021437755745836,0.0,0.0,0.0,1.0
0.0,16.227980845748622,4.259892571759983,-46.64883761210478,0.0,0.0,0.0,1.0
0.0,15.77769300126225,4.205184504930775,-45.51639281784069,0.0,0.0,0.0,1.0
0.0,15.543739830855873,4.22847648084709,-45.31328640664435,0.0,0.0,0.0,1.0
0.0,15.342792602512056,4.1482816359521415,-43.92106746794167,0.0,0.0,0.0,1.0
0.0,15.300431316049984,4.2098522574637665,-44.28949843915485,0.0,0.0,0.0,1.0
0.0,16.440855221730533,4.057359679387822,-45.68868113345727,0.0,0.0,0.0,1.0
0.0,15.861848495289028,4.016710134161177,-44.399067785492086,0.0,0.0,0.0,1.0
0.0,15.428223766167548,3.93262428966986,-43.12602010064072,0.0,0.0,0.0,1.0
0.0,15.221200506042255,3.9363126361741267,-42.78062099263028,0.0,0.0,0.0,1.0
0.0,15.019818449476837,3.8827728689803656,-41.98993287947812,0.0,0.0,0.0,1.0
0.0,14.858039298591033,3.7873935077157412,-41.052625639790065,0.0,0.0,0.0,1.0
0.0,14.898319240861143,3.861302634481186,-41.524320215685286,0.0,0.0,0.0,1.0
0.0,14.730940180153794,3.773092307983059,-40.77661531209024,0.0,0.0,0.0,1.0
0.0,14.627544972748685,3.7168391632923803,-40.3292643178592,0.0,0.0,0.0,1.0
0.0,14.588368701466074,3.682304307555044,-39.973706158512016,0.0,0.0,0.0,1.0
0.0,14.591335444202073,3.6606601278469877,-39.72285094274321,0.0,0.0,0.0,1.0
0.0,14.64727681182561,3.7721814294235565,-40.29741638519166,0.0,0.0,0.0,1.0
0.0,16.509600587304888,3.5392688552235105,-42.05332298654444,0.0,0.0,0.0,1.0
0.0,15.668874045261838,3.4503913139317848,-40.034734715420534,0.0,0.0,0.0,1.0
0.0,16.679793193927473,3.5833485593658723,-42.26836616134121,0.0,0.0,0.0,1.0
0.0,15.98832319813905,3.721097383024735,-41.88724456006246,0.0,0.0,0.0,1.0
0.0,15.496568165318248,3.754514817291598,-40.990296678439464,0.0,0.0,0.0,1.0
0.0,16.304018569233534,3.5297073736007274,-41.13239377117261,0.0,0.0,0.0,1.0
0.0,15.481133656544628,3.3841855510559564,-38.95923361026467,0.0,0.0,0.0,1.0
0.0,14.949044140971822,3.290154596493255,-37.531352049125374,0.0,0.0,0.0,1.0
0.0,15.633894868055444,3.2652273367503923,-38.18160555926353,0.0,0.0,0.0,1.0
0.0,15.266051833318581,3.4767918664665602,-38.47153438932913,0.0,0.0,0.0,1.0
0.0,15.559784496154595,3.2896490012040323,-37.85839743051627,0.0,0.0,0.0,1.0
0.0,15.321370706141904,3.5836685765556275,-38.96661423942189,0.0,0.0,0.0,1.0
0.0,18.166238517362725,3.3581097095489256,-41.66808846634277,0.0,0.0,0.0,1.0
0.0,18.570510774312755,3.1575920769323313,-41.33256092249725,0.0,0.0,0.0,1.0
0.0,17.204909758026282,3.476181871044049,-40.99626976541376,0.0,0.0,0.0,1.0
0.0,16.0320360608088,3.3175271451216704,-38.2606837001409,0.0,0.0,0.0,1.0
0.0,16.717792256130284,3.5506512228968137,-40.22070366767096,0.0,0.0,0.0,1.0
0.0,16.020975137352377,3.7015634028280204,-40.09382883597084,0.0,0.0,0.0,1.0
0.0,16.563245645588573,3.4703913699547693,-39.480333969730204,0.0,0.0,0.0,1.0
0.0,18.86036962511171,3.8740061205441374,-44.29848081176945,0.0,0.0,0.0,1.0
0.0,17.411827386452586,3.940812842332347,-42.710711451479966,0.0,0.0,0.0,1.0
0.0,17.198514860167574,3.75965427967424,-41.312213699281244,0.0,0.0,0.0,1.0
0.0,17.284684845840328,3.574790859711816,-40.24293915067496,0.0,0.0,0.0,1.0
0.0,16.382599552260015,3.74648097930978,-39.70681295119207,0.0,0.0,0.0,1.0
0.0,16.761625164445714,3.556933275184776,-39.19156937047109,0.0,0.0,0.0,1.0
0.0,16.67069354960683,3.469375732857663,-38.41880173996676,0.0,0.0,0.0,1.0
0.0,16.023312398255236,3.7148539243470067,-38.68185979508613,0.0,0.0,0.0,1.0
0.0,15.594766717547738,3.8904639309540534,-38.94708332671779,0.0,0.0,0.0,1.0
0.0,16.012988444375832,3.7916104649589584,-38.62488734797473,0.0,0.0,0.0,1.0
0.0,15.547445711016344,3.9207773435016158,-38.51836780642895,0.0,0.0,0.0,1.0
0.0,15.386798039543475,4.114221908940057,-39.222569674480575,0.0,0.0,0.0,1.0
0.0,16.031468081593204,4.2672056229716855,-40.318111710198,0.0,0.0,0.0,1.0
0.0,15.912805384763333,4.627172737248329,-41.85992368911935,0.0,0.0,0.0,1.0
0.0,15.299090697939587,4.237877653439151,-38.9862851039187,0.0,0.0,0.0,1.0
0.0,15.12387283573461,4.235567958850209,-38.70826220190317,0.0,0.0,0.0,1.0
0.0,15.015420692343595,4.243323467754724,-38.75284722701108,0.0,0.0,0.0,1.0
0.0,18.637294744958325,4.740252761526386,-45.3439949547638,0.0,0.0,0.0,1.0
0.0,17.284068287861963,4.572333462132976,-43.08171294598601,0.0,0.0,0.0,1.0
0.0,18.729064609786853,4.363126697843171,-43.39405310971458,0.0,0.0,0.0,1.0
0.0,17.305170008933096,4.323283861129209,-41.511781489251625,0.0,0.0,0.0,1.0
0.0,16.353206663634964,4.111867886549117,-39.15657734685097,0.0,0.0,0.0,1.0
0.0,15.804254695880438,4.192510882694422,-38.86044083667728,0.0,0.0,0.0,1.0
0.0,20.61323809792832,4.785504154109645,-46.44591649786698,0.0,0.0,0.0,1.0
0.0,18.538762764446336,4.614656715889084,-43.44856821063374,0.0,0.0,0.0,1.0
0.0,19.552826984518127,4.515611205453626,-43.83835443983845,0.0,0.0,0.0,1.0
0.0,17.86855822155366,4.478861221528709,-41.814679437104544,0.0,0.0,0.0,1.0
0.0,17.61827275804275,4.5780016387473115,-41.89173732496961,0.0,0.0,0.0,1.0
0.0,16.427904366487734,4.315454835202275,-39.158965160953194,0.0,0.0,0.0,1.0
0.0,15.839037732641133,4.357616904211344,-38.80830236438902,0.0,0.0,0.0,1.0
0.0,17.173851343034656,5.056613595707399,-43.91550754618089,0.0,0.0,0.0,1.0
0.0,17.050410100084118,4.71399012518062,-41.76517020227503,0.0,0.0,0.0,1.0
0.0,19.8986815193566,5.007950588080629,-46.234475995705324,0.0,0.0,0.0,1.0
0.0,19.11672662848771,4.931475436241647,-44.87614908317895,0.0,0.0,0.0,1.0
0.0,19.2003922109258,4.738768498910874,-43.73701320051357,0.0,0.0,0.0,1.0
0.0,18.496471222029243,4.5783333374256685,-41.949550040620615,0.0,0.0,0.0,1.0
0.0,18.007521373755733,4.46994969076238,-40.684417194271035,0.0,0.0,0.0,1.0
0.0,17.964582625776686,4.617330337551821,-41.414231810139476,0.0,0.0,0.0,1.0
0.0,18.667756641021775,5.328679110460018,-45.69991725366517,0.0,0.0,0.0,1.0
0.0,18.740763501782954,5.055732136256739,-44.1264039850702,0.0,0.0,0.0,1.0
0.0,19.63030591105887,5.015089413822608,-44.30658600617394,0.0,0.0,0.0,1.0
0.0,20.669694780547708,5.224849966945039,-46.28325672725876,0.0,0.0,0.0,1.0
0.0,21.454782300250173,5.421850370131658,-48.10678839189414,0.0,0.0,0.0,1.0
0.0,21.878066132153542,5.5352506947064,-48.92326325088464,0.0,0.0,0.0,1.0
0.0,21.6315301840649,5.3337200943494105,-47.403089348389564,0.0,0.0,0.0,1.0
0.0,20.411182971869952,5.2842244495338,-46.17494641104025,0.0,0.0,0.0,1.0
0.0,18.291722205728828,5.094068343476968,-43.39884364103505,0.0,0.0,0.0,1.0
0.0,16.94172769250602,5.008610816731769,-41.746541368065316,0.0,0.0,0.0,1.0
0.0,18.971210239520154,5.324395391597211,-44.877589602270156,0.0,0.0,0.0,1.0
0.0,18.614102309200714,5.32444862893561,-44.5986482464389,0.0,0.0,0.0,1.0
0.0,19.063496708797107,5.907695454355699,-48.14212589629767,0.0,0.0,0.0,1.0
0.0,18.785674141990476,5.692794608190899,-46.66828443781895,0.0,0.0,0.0,1.0
0.0,19.47249066256968,6.190187272078641,-50.06524278894273,0.0,0.0,0.0,1.0
0.0,18.85175797595151,5.864822130670549,-47.588155567282094,0.0,0.0,0.0,1.0
0.0,18.07850489591315,6.725723038739759,-52.3307504462432,0.0,0.0,0.0,1.0
0.0,17.835338420897234,5.983455848404972,-47.498287390414404,0.0,0.0,0.0,1.0
0.0,17.655296347437915,5.50289555345114,-44.29784100116994,0.0,0.0,0.0,1.0
